id,cells,symmetries,parents,children,result,level
0,"['E', 'E', 'E', 'E', 'E', 'E', 'E', 'E', 'E']",[],[],"[1, 2, 3]",False,0
1,"['X', 'E', 'E', 'E', 'E', 'E', 'E', 'E', 'E']","['rotational', 'reflectional']",[0],"[4, 5, 6, 7, 8]",False,1
2,"['E', 'X', 'E', 'E', 'E', 'E', 'E', 'E', 'E']","['rotational', 'reflectional']",[0],"[9, 10, 11, 12, 13]",False,1
3,"['E', 'E', 'E', 'E', 'X', 'E', 'E', 'E', 'E']",[],[0],"[14, 15]",False,1
4,"['X', 'O', 'E', 'E', 'E', 'E', 'E', 'E', 'E']",['reflectional'],[1],"[16, 17, 18, 19, 20, 21, 22]",False,2
5,"['X', 'E', 'O', 'E', 'E', 'E', 'E', 'E', 'E']",['reflectional'],[1],"[23, 24, 25, 26, 27, 28, 29]",False,2
6,"['X', 'E', 'E', 'E', 'O', 'E', 'E', 'E', 'E']",[],[1],"[30, 31, 32, 33]",False,2
7,"['X', 'E', 'E', 'E', 'E', 'O', 'E', 'E', 'E']",['reflectional'],[1],"[34, 20, 35, 36, 37, 38, 22]",False,2
8,"['X', 'E', 'E', 'E', 'E', 'E', 'E', 'E', 'O']",[],[1],"[39, 27, 40, 41]",False,2
9,"['O', 'X', 'E', 'E', 'E', 'E', 'E', 'E', 'E']",['reflectional'],[2],"[23, 42, 43, 44, 26, 45, 41]",False,2
10,"['E', 'X', 'E', 'O', 'E', 'E', 'E', 'E', 'E']",['reflectional'],[2],"[17, 34, 46, 47, 19, 48, 38]",False,2
11,"['E', 'X', 'E', 'E', 'O', 'E', 'E', 'E', 'E']",[],[2],"[30, 49, 32, 50]",False,2
12,"['E', 'X', 'E', 'E', 'E', 'E', 'O', 'E', 'E']",['reflectional'],[2],"[24, 39, 44, 51, 52, 45, 28]",False,2
13,"['E', 'X', 'E', 'E', 'E', 'E', 'E', 'O', 'E']",[],[2],"[35, 47, 53, 21]",False,2
14,"['O', 'E', 'E', 'E', 'X', 'E', 'E', 'E', 'E']","['rotational', 'reflectional']",[3],"[43, 25, 51, 40]",False,2
15,"['E', 'O', 'E', 'E', 'X', 'E', 'E', 'E', 'E']","['rotational', 'reflectional']",[3],"[18, 46, 36, 53]",False,2
16,"['X', 'O', 'X', 'E', 'E', 'E', 'E', 'E', 'E']",[],[4],"[54, 55, 56, 57]",False,3
17,"['X', 'O', 'E', 'X', 'E', 'E', 'E', 'E', 'E']",['reflectional'],"[4, 10]","[58, 59, 60, 61, 62, 63]",False,3
18,"['X', 'O', 'E', 'E', 'X', 'E', 'E', 'E', 'E']","['duplicate', 'reflectional']","[4, 15]","[64, 65, 66, 67, 68, 69]",False,3
19,"['X', 'O', 'E', 'E', 'E', 'X', 'E', 'E', 'E']",['rotational'],"[4, 10]","[70, 71, 72, 73, 74, 75]",False,3
20,"['X', 'O', 'E', 'E', 'E', 'E', 'X', 'E', 'E']",['rotational'],"[4, 7]","[76, 54, 77, 78, 79, 80]",False,3
21,"['X', 'O', 'E', 'E', 'E', 'E', 'E', 'X', 'E']","['reflectional', 'rotational']","[4, 13]","[81, 71, 82, 83, 84, 85]",False,3
22,"['X', 'O', 'E', 'E', 'E', 'E', 'E', 'E', 'X']",['reflectional'],"[4, 7]","[86, 87, 88, 89, 90, 91]",False,3
23,"['X', 'X', 'O', 'E', 'E', 'E', 'E', 'E', 'E']",['reflectional'],"[5, 9]","[61, 92, 93, 94, 95, 96]",False,3
24,"['X', 'E', 'O', 'X', 'E', 'E', 'E', 'E', 'E']",['reflectional'],"[5, 12]","[58, 97, 98, 94, 99, 100]",False,3
25,"['X', 'E', 'O', 'E', 'X', 'E', 'E', 'E', 'E']","['reflectional', 'rotational']","[5, 14]","[64, 67, 101, 102, 103, 104]",False,3
26,"['X', 'E', 'O', 'E', 'E', 'X', 'E', 'E', 'E']",['rotational'],"[5, 9]","[70, 84, 105, 106, 107, 108]",False,3
27,"['X', 'E', 'O', 'E', 'E', 'E', 'X', 'E', 'E']","['rotational', 'reflectional']","[5, 8]","[76, 56, 109, 110, 80, 111]",False,3
28,"['X', 'E', 'O', 'E', 'E', 'E', 'E', 'X', 'E']",['rotational'],"[5, 12]","[81, 73, 112, 113, 106, 114]",False,3
29,"['X', 'E', 'O', 'E', 'E', 'E', 'E', 'E', 'X']",[],[5],"[86, 90, 115, 116]",False,3
30,"['X', 'X', 'E', 'E', 'O', 'E', 'E', 'E', 'E']","['reflectional', 'duplicate']","[6, 11]","[92, 59, 117, 97, 118, 119]",False,3
31,"['X', 'E', 'X', 'E', 'O', 'E', 'E', 'E', 'E']","['rotational', 'reflectional']",[6],"[55, 77, 109, 120]",False,3
32,"['X', 'E', 'E', 'E', 'O', 'X', 'E', 'E', 'E']","['reflectional', 'rotational']","[6, 11]","[72, 105, 82, 112, 121, 122]",False,3
33,"['X', 'E', 'E', 'E', 'O', 'E', 'E', 'E', 'X']",[],[6],"[88, 115]",False,3
34,"['X', 'X', 'E', 'E', 'E', 'O', 'E', 'E', 'E']",['reflectional'],"[7, 10]","[93, 62, 117, 99, 123, 124]",False,3
35,"['X', 'E', 'E', 'X', 'E', 'O', 'E', 'E', 'E']","['reflectional', 'rotational']","[7, 13]","[60, 98, 118, 95, 123, 125]",False,3
36,"['X', 'E', 'E', 'E', 'X', 'O', 'E', 'E', 'E']","['rotational', 'reflectional']","[7, 15]","[66, 101, 68, 103, 126, 127]",False,3
37,"['X', 'E', 'E', 'E', 'E', 'O', 'X', 'E', 'E']",[],[7],"[78, 110, 57, 120]",False,3
38,"['X', 'E', 'E', 'E', 'E', 'O', 'E', 'X', 'E']",['rotational'],"[7, 10]","[83, 113, 74, 121, 107, 128]",False,3
39,"['X', 'X', 'E', 'E', 'E', 'E', 'E', 'E', 'O']",['reflectional'],"[8, 12]","[96, 63, 119, 124, 100, 125]",False,3
40,"['X', 'E', 'E', 'E', 'X', 'E', 'E', 'E', 'O']","['rotational', 'reflectional']","[8, 14]","[69, 104, 127]",False,3
41,"['X', 'E', 'E', 'E', 'E', 'X', 'E', 'E', 'O']",['reflectional'],"[8, 9]","[75, 108, 85, 122, 114, 128]",False,3
42,"['O', 'X', 'E', 'X', 'E', 'E', 'E', 'E', 'E']",[],[9],"[129, 130, 131, 132]",False,3
43,"['O', 'X', 'E', 'E', 'X', 'E', 'E', 'E', 'E']","['duplicate', 'reflectional']","[9, 14]","[133, 134, 135, 136, 137, 138]",False,3
44,"['O', 'X', 'E', 'E', 'E', 'X', 'E', 'E', 'E']",['rotational'],"[9, 12]","[129, 139, 140, 141, 142, 143]",False,3
45,"['O', 'X', 'E', 'E', 'E', 'E', 'E', 'X', 'E']",['reflectional'],"[9, 12]","[144, 145, 146, 147, 148, 149]",False,3
46,"['E', 'X', 'E', 'O', 'X', 'E', 'E', 'E', 'E']","['reflectional', 'rotational']","[10, 15]","[134, 135, 150, 151, 152, 153]",False,3
47,"['E', 'X', 'E', 'O', 'E', 'X', 'E', 'E', 'E']","['rotational', 'reflectional']","[10, 13]","[139, 131, 154, 155, 156, 142]",False,3
48,"['E', 'X', 'E', 'O', 'E', 'E', 'E', 'X', 'E']",[],[10],"[145, 147, 157, 158]",False,3
49,"['E', 'X', 'E', 'X', 'O', 'E', 'E', 'E', 'E']","['rotational', 'reflectional']",[11],"[130, 140, 154, 159]",False,3
50,"['E', 'X', 'E', 'E', 'O', 'E', 'E', 'X', 'E']",[],[11],"[146, 157]",False,3
51,"['E', 'X', 'E', 'E', 'X', 'E', 'O', 'E', 'E']","['rotational', 'reflectional']","[12, 14]","[136, 138, 151, 153, 160, 161]",False,3
52,"['E', 'X', 'E', 'E', 'E', 'X', 'O', 'E', 'E']",[],[12],"[141, 132, 155, 159]",False,3
53,"['E', 'X', 'E', 'E', 'X', 'E', 'E', 'O', 'E']","['rotational', 'reflectional']","[13, 15]","[137, 152, 160]",False,3
54,"['X', 'O', 'X', 'O', 'E', 'E', 'E', 'E', 'E']",['reflectional'],"[16, 20]","[162, 163, 164, 165, 166]",False,4
55,"['X', 'O', 'X', 'E', 'O', 'E', 'E', 'E', 'E']","['duplicate', 'reflectional']","[16, 31]","[167, 168, 169]",False,4
56,"['X', 'O', 'X', 'E', 'E', 'E', 'O', 'E', 'E']",['reflectional'],"[16, 27]","[170, 171, 172, 173, 174]",False,4
57,"['X', 'O', 'X', 'E', 'E', 'E', 'E', 'O', 'E']","['rotational', 'reflectional']","[16, 37]","[175, 176, 177]",False,4
58,"['X', 'O', 'O', 'X', 'E', 'E', 'E', 'E', 'E']",['duplicate'],"[17, 24]","[178, 179, 180, 181, 182]",False,4
59,"['X', 'O', 'E', 'X', 'O', 'E', 'E', 'E', 'E']",['reflectional'],"[17, 30]","[167, 183, 184, 185, 186]",False,4
60,"['X', 'O', 'E', 'X', 'E', 'O', 'E', 'E', 'E']",['duplicate'],"[17, 35]","[163, 187, 188, 189, 190]",False,4
61,"['X', 'O', 'E', 'X', 'E', 'E', 'O', 'E', 'E']",['reflectional'],"[17, 23]","[170, 191, 192, 193, 194]",False,4
62,"['X', 'O', 'E', 'X', 'E', 'E', 'E', 'O', 'E']",['reflectional'],"[17, 34]","[175, 195, 196, 197, 198]",False,4
63,"['X', 'O', 'E', 'X', 'E', 'E', 'E', 'E', 'O']",['reflectional'],"[17, 39]","[172, 199, 200, 201, 202]",False,4
64,"['X', 'O', 'O', 'E', 'X', 'E', 'E', 'E', 'E']",['duplicate'],"[18, 25]","[178, 203, 204, 205, 206]",False,4
65,"['X', 'O', 'E', 'O', 'X', 'E', 'E', 'E', 'E']",[],[18],"[162, 207, 208]",False,4
66,"['X', 'O', 'E', 'E', 'X', 'O', 'E', 'E', 'E']",['duplicate'],"[18, 36]","[162, 187, 209, 210, 211]",False,4
67,"['X', 'O', 'E', 'E', 'X', 'E', 'O', 'E', 'E']",['reflectional'],"[18, 25]","[171, 191, 212, 213, 214]",False,4
68,"['X', 'O', 'E', 'E', 'X', 'E', 'E', 'O', 'E']",['reflectional'],"[18, 36]","[176, 195, 215, 216, 217]",False,4
69,"['X', 'O', 'E', 'E', 'X', 'E', 'E', 'E', 'O']","['duplicate', 'reflectional']","[18, 40]","[171, 199, 218, 219, 220]",False,4
70,"['X', 'O', 'O', 'E', 'E', 'X', 'E', 'E', 'E']",['duplicate'],"[19, 26]","[179, 203, 221, 222, 223]",False,4
71,"['X', 'O', 'E', 'O', 'E', 'X', 'E', 'E', 'E']",['reflectional'],"[19, 21]","[163, 207, 165, 224, 225]",False,4
72,"['X', 'O', 'E', 'E', 'O', 'X', 'E', 'E', 'E']",['duplicate'],"[19, 32]","[167, 183, 226, 227, 228]",False,4
73,"['X', 'O', 'E', 'E', 'E', 'X', 'O', 'E', 'E']",['reflectional'],"[19, 28]","[172, 192, 212, 229, 230]",False,4
74,"['X', 'O', 'E', 'E', 'E', 'X', 'E', 'O', 'E']",['reflectional'],"[19, 38]","[175, 196, 215, 231, 198]",False,4
75,"['X', 'O', 'E', 'E', 'E', 'X', 'E', 'E', 'O']",['duplicate'],"[19, 41]","[170, 200, 218, 232, 233]",False,4
76,"['X', 'O', 'O', 'E', 'E', 'E', 'X', 'E', 'E']",['duplicate'],"[20, 27]","[180, 204, 221, 234, 235]",False,4
77,"['X', 'O', 'E', 'E', 'O', 'E', 'X', 'E', 'E']","['reflectional', 'rotational']","[20, 31]","[168, 184, 226, 236, 237]",False,4
78,"['X', 'O', 'E', 'E', 'E', 'O', 'X', 'E', 'E']","['duplicate', 'reflectional']","[20, 37]","[166, 188, 209, 238, 239]",False,4
79,"['X', 'O', 'E', 'E', 'E', 'E', 'X', 'O', 'E']",[],[20],"[177, 197, 216, 231]",False,4
80,"['X', 'O', 'E', 'E', 'E', 'E', 'X', 'E', 'O']",['reflectional'],"[20, 27]","[174, 201, 219, 232, 240]",False,4
81,"['X', 'O', 'O', 'E', 'E', 'E', 'E', 'X', 'E']",['duplicate'],"[21, 28]","[181, 205, 222, 234, 241]",False,4
82,"['X', 'O', 'E', 'E', 'O', 'E', 'E', 'X', 'E']",['reflectional'],"[21, 32]","[169, 185, 227, 236, 242]",False,4
83,"['X', 'O', 'E', 'E', 'E', 'O', 'E', 'X', 'E']",['duplicate'],"[21, 38]","[165, 189, 210, 238, 190]",False,4
84,"['X', 'O', 'E', 'E', 'E', 'E', 'O', 'X', 'E']",['reflectional'],"[21, 26]","[173, 193, 213, 229, 243]",False,4
85,"['X', 'O', 'E', 'E', 'E', 'E', 'E', 'X', 'O']",['reflectional'],"[21, 41]","[173, 202, 220, 233, 240]",False,4
86,"['X', 'O', 'O', 'E', 'E', 'E', 'E', 'E', 'X']","['duplicate', 'reflectional']","[22, 29]","[182, 206, 223, 235, 241]",False,4
87,"['X', 'O', 'E', 'O', 'E', 'E', 'E', 'E', 'X']",[],[22],"[166, 208, 225]",False,4
88,"['X', 'O', 'E', 'E', 'O', 'E', 'E', 'E', 'X']","['duplicate', 'reflectional', 'rotational']","[22, 33]","[168, 186, 228, 237, 242]",False,4
89,"['X', 'O', 'E', 'E', 'E', 'O', 'E', 'E', 'X']",[],[22],"[164, 190, 211, 239]",False,4
90,"['X', 'O', 'E', 'E', 'E', 'E', 'O', 'E', 'X']","['reflectional', 'rotational']","[22, 29]","[174, 194, 214, 230, 243]",False,4
91,"['X', 'O', 'E', 'E', 'E', 'E', 'E', 'O', 'X']",[],[22],"[177, 198, 217]",False,4
92,"['X', 'X', 'O', 'E', 'O', 'E', 'E', 'E', 'E']",['duplicate'],"[23, 30]","[244, 245, 246, 247, 248]",False,4
93,"['X', 'X', 'O', 'E', 'E', 'O', 'E', 'E', 'E']",['duplicate'],"[23, 34]","[249, 250, 251, 252, 223]",False,4
94,"['X', 'X', 'O', 'E', 'E', 'E', 'O', 'E', 'E']",['reflectional'],"[23, 24]","[253, 254, 255, 256, 257]",False,4
95,"['X', 'X', 'O', 'E', 'E', 'E', 'E', 'O', 'E']",['reflectional'],"[23, 35]","[258, 259, 260, 240, 243]",False,4
96,"['X', 'X', 'O', 'E', 'E', 'E', 'E', 'E', 'O']",['duplicate'],"[23, 39]","[261, 262, 263, 264, 265]",False,4
97,"['X', 'E', 'O', 'X', 'O', 'E', 'E', 'E', 'E']",['reflectional'],"[24, 30]","[244, 266, 267, 268, 269]",False,4
98,"['X', 'E', 'O', 'X', 'E', 'O', 'E', 'E', 'E']",['duplicate'],"[24, 35]","[249, 270, 271, 272, 241]",False,4
99,"['X', 'E', 'O', 'X', 'E', 'E', 'E', 'O', 'E']",['reflectional'],"[24, 34]","[258, 273, 274, 201, 230]",False,4
100,"['X', 'E', 'O', 'X', 'E', 'E', 'E', 'E', 'O']",['reflectional'],"[24, 39]","[261, 275, 276, 277, 278]",False,4
101,"['X', 'E', 'O', 'E', 'X', 'O', 'E', 'E', 'E']",['duplicate'],"[25, 36]","[250, 270, 279, 280, 206]",False,4
102,"['X', 'E', 'O', 'E', 'X', 'E', 'O', 'E', 'E']",[],[25],"[254, 281, 282]",False,4
103,"['X', 'E', 'O', 'E', 'X', 'E', 'E', 'O', 'E']",['reflectional'],"[25, 36]","[259, 273, 283, 219, 214]",False,4
104,"['X', 'E', 'O', 'E', 'X', 'E', 'E', 'E', 'O']","['duplicate', 'reflectional']","[25, 40]","[262, 275, 284, 285, 286]",False,4
105,"['X', 'E', 'O', 'E', 'O', 'X', 'E', 'E', 'E']",['duplicate'],"[26, 32]","[245, 266, 287, 288, 248]",False,4
106,"['X', 'E', 'O', 'E', 'E', 'X', 'O', 'E', 'E']",['reflectional'],"[26, 28]","[255, 256, 281, 289, 257]",False,4
107,"['X', 'E', 'O', 'E', 'E', 'X', 'E', 'O', 'E']",['reflectional'],"[26, 38]","[260, 274, 283, 232, 194]",False,4
108,"['X', 'E', 'O', 'E', 'E', 'X', 'E', 'E', 'O']",['duplicate'],"[26, 41]","[263, 276, 284, 290, 291]",False,4
109,"['X', 'E', 'O', 'E', 'O', 'E', 'X', 'E', 'E']","['reflectional', 'rotational']","[27, 31]","[246, 267, 287, 292, 293]",False,4
110,"['X', 'E', 'O', 'E', 'E', 'O', 'X', 'E', 'E']","['duplicate', 'reflectional']","[27, 37]","[251, 271, 279, 294, 235]",False,4
111,"['X', 'E', 'O', 'E', 'E', 'E', 'X', 'E', 'O']",[],[27],"[264, 277, 285, 290]",False,4
112,"['X', 'E', 'O', 'E', 'O', 'E', 'E', 'X', 'E']",['reflectional'],"[28, 32]","[247, 268, 288, 292, 269]",False,4
113,"['X', 'E', 'O', 'E', 'E', 'O', 'E', 'X', 'E']",['duplicate'],"[28, 38]","[252, 272, 280, 294, 182]",False,4
114,"['X', 'E', 'O', 'E', 'E', 'E', 'E', 'X', 'O']",['reflectional'],"[28, 41]","[265, 278, 286, 291, 264]",False,4
115,"['X', 'E', 'O', 'E', 'O', 'E', 'E', 'E', 'X']","['duplicate', 'reflectional', 'rotational']","[29, 33]","[248, 269, 293]",False,4
116,"['X', 'E', 'O', 'E', 'E', 'E', 'O', 'E', 'X']",[],[29],"[257, 282]",False,4
117,"['X', 'X', 'E', 'E', 'O', 'O', 'E', 'E', 'E']",['duplicate'],"[30, 34]","[184, 295, 296, 297, 228]",False,4
118,"['X', 'X', 'E', 'E', 'O', 'E', 'E', 'O', 'E']",['reflectional'],"[30, 35]","[298, 295, 299, 236, 242]",False,4
119,"['X', 'X', 'E', 'E', 'O', 'E', 'E', 'E', 'O']",['duplicate'],"[30, 39]","[267, 300, 301, 292, 302]",False,4
120,"['X', 'E', 'X', 'E', 'O', 'E', 'E', 'O', 'E']","['rotational', 'reflectional']","[31, 37]","[298, 296, 237]",False,4
121,"['X', 'E', 'E', 'E', 'O', 'X', 'E', 'O', 'E']",['reflectional'],"[32, 38]","[299, 296, 297, 226, 186]",False,4
122,"['X', 'E', 'E', 'E', 'O', 'X', 'E', 'E', 'O']",['duplicate'],"[32, 41]","[301, 246, 302, 287, 303]",False,4
123,"['X', 'X', 'E', 'E', 'E', 'O', 'E', 'O', 'E']",['reflectional'],"[34, 35]","[188, 304, 305, 238, 225]",False,4
124,"['X', 'X', 'E', 'E', 'E', 'O', 'E', 'E', 'O']",['duplicate'],"[34, 39]","[180, 306, 307, 294, 308]",False,4
125,"['X', 'E', 'E', 'X', 'E', 'O', 'E', 'E', 'O']",['reflectional'],"[35, 39]","[306, 234, 309, 271, 310]",False,4
126,"['X', 'E', 'E', 'E', 'X', 'O', 'E', 'O', 'E']",[],[36],"[305, 209, 208]",False,4
127,"['X', 'E', 'E', 'E', 'X', 'O', 'E', 'E', 'O']","['duplicate', 'reflectional']","[36, 40]","[307, 204, 309, 279, 311]",False,4
128,"['X', 'E', 'E', 'E', 'E', 'O', 'E', 'X', 'O']",['reflectional'],"[38, 41]","[308, 221, 310, 311, 251]",False,4
129,"['O', 'X', 'O', 'X', 'E', 'E', 'E', 'E', 'E']",['reflectional'],"[42, 44]","[312, 313, 263, 314, 291]",False,4
130,"['O', 'X', 'E', 'X', 'O', 'E', 'E', 'E', 'E']","['duplicate', 'reflectional']","[42, 49]","[245, 315, 303]",False,4
131,"['O', 'X', 'E', 'X', 'E', 'O', 'E', 'E', 'E']",['reflectional'],"[42, 47]","[193, 316, 260, 317, 233]",False,4
132,"['O', 'X', 'E', 'X', 'E', 'E', 'E', 'E', 'O']","['rotational', 'reflectional']","[42, 52]","[255, 318, 319]",False,4
133,"['O', 'X', 'O', 'E', 'X', 'E', 'E', 'E', 'E']",[],[43],"[312, 284, 320]",False,4
134,"['O', 'X', 'E', 'O', 'X', 'E', 'E', 'E', 'E']",['duplicate'],"[43, 46]","[250, 321, 203, 322, 311]",False,4
135,"['O', 'X', 'E', 'E', 'X', 'O', 'E', 'E', 'E']",['reflectional'],"[43, 46]","[191, 316, 283, 323, 218]",False,4
136,"['O', 'X', 'E', 'E', 'X', 'E', 'O', 'E', 'E']",['duplicate'],"[43, 51]","[262, 312, 324, 325, 286]",False,4
137,"['O', 'X', 'E', 'E', 'X', 'E', 'E', 'O', 'E']","['duplicate', 'reflectional']","[43, 53]","[259, 316, 326, 213, 220]",False,4
138,"['O', 'X', 'E', 'E', 'X', 'E', 'E', 'E', 'O']",['reflectional'],"[43, 51]","[254, 318, 327, 281, 328]",False,4
139,"['O', 'X', 'E', 'O', 'E', 'X', 'E', 'E', 'E']",['duplicate'],"[44, 47]","[249, 321, 222, 329, 310]",False,4
140,"['O', 'X', 'E', 'E', 'O', 'X', 'E', 'E', 'E']","['reflectional', 'rotational']","[44, 49]","[244, 315, 288, 330, 301]",False,4
141,"['O', 'X', 'E', 'E', 'E', 'X', 'O', 'E', 'E']","['duplicate', 'reflectional']","[44, 52]","[261, 314, 324, 331, 278]",False,4
142,"['O', 'X', 'E', 'E', 'E', 'X', 'E', 'O', 'E']",['reflectional'],"[44, 47]","[258, 317, 326, 229, 202]",False,4
143,"['O', 'X', 'E', 'E', 'E', 'X', 'E', 'E', 'O']",[],[44],"[253, 319, 327, 289]",False,4
144,"['O', 'X', 'O', 'E', 'E', 'E', 'E', 'X', 'E']",[],[45],"[314, 320, 276]",False,4
145,"['O', 'X', 'E', 'O', 'E', 'E', 'E', 'X', 'E']","['duplicate', 'reflectional']","[45, 48]","[252, 322, 329, 179, 308]",False,4
146,"['O', 'X', 'E', 'E', 'O', 'E', 'E', 'X', 'E']","['duplicate', 'reflectional', 'rotational']","[45, 50]","[247, 315, 330, 266, 302]",False,4
147,"['O', 'X', 'E', 'E', 'E', 'O', 'E', 'X', 'E']","['reflectional', 'rotational']","[45, 48]","[192, 317, 323, 274, 200]",False,4
148,"['O', 'X', 'E', 'E', 'E', 'E', 'O', 'X', 'E']",[],[45],"[265, 313, 325, 331]",False,4
149,"['O', 'X', 'E', 'E', 'E', 'E', 'E', 'X', 'O']",[],[45],"[256, 319, 328]",False,4
150,"['E', 'X', 'E', 'O', 'X', 'O', 'E', 'E', 'E']",[],[46],"[195, 215, 332]",False,4
151,"['E', 'X', 'E', 'O', 'X', 'E', 'O', 'E', 'E']",['duplicate'],"[46, 51]","[178, 307, 333, 322, 280]",False,4
152,"['E', 'X', 'E', 'O', 'X', 'E', 'E', 'O', 'E']","['duplicate', 'reflectional']","[46, 53]","[187, 305, 334, 207, 210]",False,4
153,"['E', 'X', 'E', 'O', 'X', 'E', 'E', 'E', 'O']",['reflectional'],"[46, 51]","[199, 273, 326, 212, 323]",False,4
154,"['E', 'X', 'E', 'O', 'O', 'X', 'E', 'E', 'E']","['reflectional', 'rotational']","[47, 49]","[185, 295, 227, 335, 299]",False,4
155,"['E', 'X', 'E', 'O', 'E', 'X', 'O', 'E', 'E']","['duplicate', 'reflectional']","[47, 52]","[181, 306, 333, 329, 272]",False,4
156,"['E', 'X', 'E', 'O', 'E', 'X', 'E', 'O', 'E']",[],[47],"[189, 304, 334, 224]",False,4
157,"['E', 'X', 'E', 'O', 'O', 'E', 'E', 'X', 'E']","['duplicate', 'reflectional', 'rotational']","[48, 50]","[183, 297, 335]",False,4
158,"['E', 'X', 'E', 'O', 'E', 'O', 'E', 'X', 'E']",[],[48],"[196, 332]",False,4
159,"['E', 'X', 'E', 'X', 'O', 'E', 'E', 'E', 'O']","['rotational', 'reflectional']","[49, 52]","[300, 268, 330]",False,4
160,"['E', 'X', 'E', 'E', 'X', 'E', 'O', 'O', 'E']","['duplicate', 'reflectional']","[51, 53]","[270, 309, 321, 333, 205]",False,4
161,"['E', 'X', 'E', 'E', 'X', 'E', 'O', 'E', 'O']",[],[51],"[275, 324, 320]",False,4
162,"['X', 'O', 'X', 'O', 'X', 'E', 'E', 'E', 'E']","['duplicate', 'reflectional']","[54, 65, 66]","[336, 337, 338, 339]",False,5
163,"['X', 'O', 'X', 'O', 'E', 'X', 'E', 'E', 'E']","['reflectional', 'duplicate']","[54, 60, 71]","[340, 341, 342, 343]",False,5
164,"['X', 'O', 'X', 'O', 'E', 'E', 'X', 'E', 'E']","['rotational', 'reflectional']","[54, 89]","[344, 345, 346]",False,5
165,"['X', 'O', 'X', 'O', 'E', 'E', 'E', 'X', 'E']",['reflectional'],"[54, 71, 83]","[347, 348, 349, 350]",False,5
166,"['X', 'O', 'X', 'O', 'E', 'E', 'E', 'E', 'X']","['reflectional', 'duplicate']","[54, 78, 87]","[351, 345, 352, 353]",False,5
167,"['X', 'O', 'X', 'X', 'O', 'E', 'E', 'E', 'E']","['reflectional', 'duplicate']","[55, 59, 72]","[340, 354, 355, 356]",False,5
168,"['X', 'O', 'X', 'E', 'O', 'E', 'X', 'E', 'E']","['reflectional', 'duplicate']","[55, 77, 88]","[344, 351, 357, 358]",False,5
169,"['X', 'O', 'X', 'E', 'O', 'E', 'E', 'X', 'E']","['duplicate', 'reflectional']","[55, 82]","[347, 359]",False,5
170,"['X', 'O', 'X', 'X', 'E', 'E', 'O', 'E', 'E']","['duplicate', 'reflectional']","[56, 61, 75]","[354, 343, 360, 361]",False,5
171,"['X', 'O', 'X', 'E', 'X', 'E', 'O', 'E', 'E']","['duplicate', 'reflectional']","[56, 67, 69]","[337, 339, 362, 363]",False,5
172,"['X', 'O', 'X', 'E', 'E', 'X', 'O', 'E', 'E']","['reflectional', 'duplicate']","[56, 63, 73]","[341, 356, 364, 361]",False,5
173,"['X', 'O', 'X', 'E', 'E', 'E', 'O', 'X', 'E']","['duplicate', 'reflectional']","[56, 84, 85]","[349, 359, 350, 365]",False,5
174,"['X', 'O', 'X', 'E', 'E', 'E', 'O', 'E', 'X']","['reflectional', 'duplicate']","[56, 80, 90]","[352, 358, 346, 366]",False,5
175,"['X', 'O', 'X', 'X', 'E', 'E', 'E', 'O', 'E']","['reflectional', 'duplicate']","[57, 62, 74]","[355, 342, 360, 364]",False,5
176,"['X', 'O', 'X', 'E', 'X', 'E', 'E', 'O', 'E']","['duplicate', 'reflectional']","[57, 68]","[338, 362]",False,5
177,"['X', 'O', 'X', 'E', 'E', 'E', 'X', 'O', 'E']","['reflectional', 'duplicate']","[57, 79, 91]","[345, 357, 353, 366]",False,5
178,"['X', 'O', 'O', 'X', 'X', 'E', 'E', 'E', 'E']","['duplicate', 'reflectional']","[58, 64, 151]","[367, 368, 369, 370]",False,5
179,"['X', 'O', 'O', 'X', 'E', 'X', 'E', 'E', 'E']","['duplicate', 'rotational']","[58, 70, 145]","[371, 372, 373, 374]",False,5
180,"['X', 'O', 'O', 'X', 'E', 'E', 'X', 'E', 'E']","['duplicate', 'rotational']","[58, 76, 124]",[],X,5
181,"['X', 'O', 'O', 'X', 'E', 'E', 'E', 'X', 'E']","['duplicate', 'reflectional']","[58, 81, 155]","[375, 376, 377, 378]",False,5
182,"['X', 'O', 'O', 'X', 'E', 'E', 'E', 'E', 'X']","['duplicate', 'reflectional']","[58, 86, 113]","[379, 380, 381, 382]",False,5
183,"['X', 'O', 'E', 'X', 'O', 'X', 'E', 'E', 'E']","['duplicate', 'reflectional', 'rotational']","[59, 72, 157]","[371, 383, 384, 385]",False,5
184,"['X', 'O', 'E', 'X', 'O', 'E', 'X', 'E', 'E']","['duplicate', 'rotational']","[59, 77, 117]",[],X,5
185,"['X', 'O', 'E', 'X', 'O', 'E', 'E', 'X', 'E']","['duplicate', 'reflectional']","[59, 82, 154]","[375, 386, 387, 388]",False,5
186,"['X', 'O', 'E', 'X', 'O', 'E', 'E', 'E', 'X']","['duplicate', 'rotational']","[59, 88, 121]","[379, 389, 390, 391]",False,5
187,"['X', 'O', 'E', 'X', 'X', 'O', 'E', 'E', 'E']","['duplicate', 'reflectional']","[60, 66, 152]","[367, 392, 393, 394]",False,5
188,"['X', 'O', 'E', 'X', 'E', 'O', 'X', 'E', 'E']","['duplicate', 'rotational']","[60, 78, 123]",[],X,5
189,"['X', 'O', 'E', 'X', 'E', 'O', 'E', 'X', 'E']","['duplicate', 'reflectional', 'rotational']","[60, 83, 156]","[376, 386, 395, 396]",False,5
190,"['X', 'O', 'E', 'X', 'E', 'O', 'E', 'E', 'X']","['reflectional', 'duplicate']","[60, 83, 89]","[380, 389, 397, 398]",False,5
191,"['X', 'O', 'E', 'X', 'X', 'E', 'O', 'E', 'E']","['duplicate', 'rotational']","[61, 67, 135]","[368, 392, 399, 400]",False,5
192,"['X', 'O', 'E', 'X', 'E', 'X', 'O', 'E', 'E']","['duplicate', 'rotational']","[61, 73, 147]","[372, 383, 401, 402]",False,5
193,"['X', 'O', 'E', 'X', 'E', 'E', 'O', 'X', 'E']","['duplicate', 'rotational']","[61, 84, 131]","[377, 387, 395, 403]",False,5
194,"['X', 'O', 'E', 'X', 'E', 'E', 'O', 'E', 'X']","['duplicate', 'rotational']","[61, 90, 107]","[381, 390, 397, 404]",False,5
195,"['X', 'O', 'E', 'X', 'X', 'E', 'E', 'O', 'E']","['duplicate', 'reflectional', 'rotational']","[62, 68, 150]","[369, 393, 399, 405]",False,5
196,"['X', 'O', 'E', 'X', 'E', 'X', 'E', 'O', 'E']","['duplicate', 'reflectional', 'rotational']","[62, 74, 158]","[373, 384, 401, 406]",False,5
197,"['X', 'O', 'E', 'X', 'E', 'E', 'X', 'O', 'E']","['duplicate', 'reflectional']","[62, 79]",[],X,5
198,"['X', 'O', 'E', 'X', 'E', 'E', 'E', 'O', 'X']","['rotational', 'duplicate']","[62, 74, 91]","[382, 391, 398, 404]",False,5
199,"['X', 'O', 'E', 'X', 'X', 'E', 'E', 'E', 'O']","['duplicate', 'reflectional']","[63, 69, 153]","[370, 394, 400, 405]",False,5
200,"['X', 'O', 'E', 'X', 'E', 'X', 'E', 'E', 'O']","['duplicate', 'reflectional']","[63, 75, 147]","[374, 385, 402, 406]",False,5
201,"['X', 'O', 'E', 'X', 'E', 'E', 'X', 'E', 'O']","['duplicate', 'reflectional']","[63, 80, 99]",[],X,5
202,"['X', 'O', 'E', 'X', 'E', 'E', 'E', 'X', 'O']","['duplicate', 'rotational']","[63, 85, 142]","[378, 388, 396, 403]",False,5
203,"['X', 'O', 'O', 'E', 'X', 'X', 'E', 'E', 'E']","['duplicate', 'rotational']","[64, 70, 134]","[407, 408, 409, 410]",False,5
204,"['X', 'O', 'O', 'E', 'X', 'E', 'X', 'E', 'E']","['duplicate', 'rotational']","[64, 76, 127]","[337, 411, 412, 413]",False,5
205,"['X', 'O', 'O', 'E', 'X', 'E', 'E', 'X', 'E']","['duplicate', 'rotational']","[64, 81, 160]","[414, 415, 416, 417]",False,5
206,"['X', 'O', 'O', 'E', 'X', 'E', 'E', 'E', 'X']","['duplicate', 'reflectional']","[64, 86, 101]",[],X,5
207,"['X', 'O', 'E', 'O', 'X', 'X', 'E', 'E', 'E']","['reflectional', 'duplicate', 'rotational']","[65, 71, 152]","[407, 414, 418, 419]",False,5
208,"['X', 'O', 'E', 'O', 'X', 'E', 'E', 'E', 'X']","['duplicate', 'reflectional', 'rotational']","[65, 87, 126]",[],X,5
209,"['X', 'O', 'E', 'E', 'X', 'O', 'X', 'E', 'E']","['duplicate', 'rotational', 'reflectional']","[66, 78, 126]","[411, 338, 420, 421]",False,5
210,"['X', 'O', 'E', 'E', 'X', 'O', 'E', 'X', 'E']","['duplicate', 'rotational']","[66, 83, 152]","[415, 418, 422, 423]",False,5
211,"['X', 'O', 'E', 'E', 'X', 'O', 'E', 'E', 'X']","['duplicate', 'reflectional']","[66, 89]",[],X,5
212,"['X', 'O', 'E', 'E', 'X', 'X', 'O', 'E', 'E']","['duplicate', 'rotational']","[67, 73, 153]","[408, 414, 424, 425]",False,5
213,"['X', 'O', 'E', 'E', 'X', 'E', 'O', 'X', 'E']","['duplicate', 'reflectional']","[67, 84, 137]","[416, 407, 422, 426]",False,5
214,"['X', 'O', 'E', 'E', 'X', 'E', 'O', 'E', 'X']","['duplicate', 'rotational']","[67, 90, 103]",[],X,5
215,"['X', 'O', 'E', 'E', 'X', 'X', 'E', 'O', 'E']","['duplicate', 'rotational', 'reflectional']","[68, 74, 150]","[409, 418, 424, 427]",False,5
216,"['X', 'O', 'E', 'E', 'X', 'E', 'X', 'O', 'E']","['duplicate', 'reflectional']","[68, 79]","[412, 336, 420]",False,5
217,"['X', 'O', 'E', 'E', 'X', 'E', 'E', 'O', 'X']","['duplicate', 'rotational']","[68, 91]",[],X,5
218,"['X', 'O', 'E', 'E', 'X', 'X', 'E', 'E', 'O']","['duplicate', 'reflectional']","[69, 75, 135]","[410, 419, 425, 427]",False,5
219,"['X', 'O', 'E', 'E', 'X', 'E', 'X', 'E', 'O']","['duplicate', 'reflectional']","[69, 80, 103]","[413, 339, 421, 412]",False,5
220,"['X', 'O', 'E', 'E', 'X', 'E', 'E', 'X', 'O']","['duplicate', 'rotational']","[69, 85, 137]","[417, 419, 423, 426]",False,5
221,"['X', 'O', 'O', 'E', 'E', 'X', 'X', 'E', 'E']","['duplicate', 'rotational']","[70, 76, 128]","[349, 428, 429, 430]",False,5
222,"['X', 'O', 'O', 'E', 'E', 'X', 'E', 'X', 'E']","['duplicate', 'rotational']","[70, 81, 139]","[431, 432, 433, 434]",False,5
223,"['X', 'O', 'O', 'E', 'E', 'X', 'E', 'E', 'X']","['duplicate', 'reflectional']","[70, 86, 93]","[435, 436, 437, 404]",False,5
224,"['X', 'O', 'E', 'O', 'E', 'X', 'E', 'X', 'E']","['rotational', 'reflectional']","[71, 156]","[431, 438, 439]",False,5
225,"['X', 'O', 'E', 'O', 'E', 'X', 'E', 'E', 'X']","['duplicate', 'reflectional']","[71, 87, 123]","[435, 440, 441, 398]",False,5
226,"['X', 'O', 'E', 'E', 'O', 'X', 'X', 'E', 'E']","['duplicate', 'reflectional']","[72, 77, 121]","[428, 347, 442, 443]",False,5
227,"['X', 'O', 'E', 'E', 'O', 'X', 'E', 'X', 'E']","['duplicate', 'rotational']","[72, 82, 154]","[432, 438, 444, 445]",False,5
228,"['X', 'O', 'E', 'E', 'O', 'X', 'E', 'E', 'X']","['duplicate', 'reflectional']","[72, 88, 117]","[436, 440, 446, 391]",False,5
229,"['X', 'O', 'E', 'E', 'E', 'X', 'O', 'X', 'E']","['duplicate', 'reflectional']","[73, 84, 142]","[433, 431, 444, 447]",False,5
230,"['X', 'O', 'E', 'E', 'E', 'X', 'O', 'E', 'X']","['duplicate', 'rotational']","[73, 90, 99]","[437, 441, 446, 382]",False,5
231,"['X', 'O', 'E', 'E', 'E', 'X', 'X', 'O', 'E']","['duplicate', 'reflectional']","[74, 79]","[429, 348, 442]",False,5
232,"['X', 'O', 'E', 'E', 'E', 'X', 'X', 'E', 'O']","['duplicate', 'reflectional']","[75, 80, 107]","[430, 350, 443, 429]",False,5
233,"['X', 'O', 'E', 'E', 'E', 'X', 'E', 'X', 'O']","['duplicate', 'reflectional']","[75, 85, 131]","[434, 439, 445, 447]",False,5
234,"['X', 'O', 'O', 'E', 'E', 'E', 'X', 'X', 'E']","['duplicate', 'rotational']","[76, 81, 125]","[341, 448, 449, 450]",False,5
235,"['X', 'O', 'O', 'E', 'E', 'E', 'X', 'E', 'X']","['duplicate', 'reflectional']","[76, 86, 110]","[352, 451, 452, 366]",False,5
236,"['X', 'O', 'E', 'E', 'O', 'E', 'X', 'X', 'E']","['duplicate', 'reflectional']","[77, 82, 118]","[448, 340, 453, 454]",False,5
237,"['X', 'O', 'E', 'E', 'O', 'E', 'X', 'E', 'X']","['duplicate', 'reflectional', 'rotational']","[77, 88, 120]","[451, 351, 455, 357]",False,5
238,"['X', 'O', 'E', 'E', 'E', 'O', 'X', 'X', 'E']","['duplicate', 'reflectional']","[78, 83, 123]","[449, 342, 453, 456]",False,5
239,"['X', 'O', 'E', 'E', 'E', 'O', 'X', 'E', 'X']","['duplicate', 'reflectional']","[78, 89]","[452, 353, 455]",False,5
240,"['X', 'O', 'E', 'E', 'E', 'E', 'X', 'X', 'O']","['duplicate', 'reflectional']","[80, 85, 95]","[450, 343, 454, 456]",False,5
241,"['X', 'O', 'O', 'E', 'E', 'E', 'E', 'X', 'X']","['duplicate', 'reflectional']","[81, 86, 98]","[441, 457, 380, 458]",False,5
242,"['X', 'O', 'E', 'E', 'O', 'E', 'E', 'X', 'X']","['duplicate', 'rotational']","[82, 88, 118]","[457, 440, 389, 459]",False,5
243,"['X', 'O', 'E', 'E', 'E', 'E', 'O', 'X', 'X']","['duplicate', 'rotational']","[84, 90, 95]","[458, 435, 459, 397]",False,5
244,"['X', 'X', 'O', 'X', 'O', 'E', 'E', 'E', 'E']","['duplicate', 'reflectional']","[92, 97, 140]","[460, 461, 462, 463]",False,5
245,"['X', 'X', 'O', 'E', 'O', 'X', 'E', 'E', 'E']","['duplicate', 'reflectional', 'rotational']","[92, 105, 130]","[387, 464, 465, 466]",False,5
246,"['X', 'X', 'O', 'E', 'O', 'E', 'X', 'E', 'E']","['duplicate', 'rotational']","[92, 109, 122]","[354, 467, 454, 468]",False,5
247,"['X', 'X', 'O', 'E', 'O', 'E', 'E', 'X', 'E']","['duplicate', 'reflectional']","[92, 112, 146]","[383, 469, 470, 471]",False,5
248,"['X', 'X', 'O', 'E', 'O', 'E', 'E', 'E', 'X']","['reflectional', 'duplicate']","[92, 105, 115]","[390, 436, 472, 459]",False,5
249,"['X', 'X', 'O', 'X', 'E', 'O', 'E', 'E', 'E']","['duplicate', 'reflectional']","[93, 98, 139]","[460, 473, 474, 475]",False,5
250,"['X', 'X', 'O', 'E', 'X', 'O', 'E', 'E', 'E']","['duplicate', 'reflectional']","[93, 101, 134]","[399, 476, 477, 478]",False,5
251,"['X', 'X', 'O', 'E', 'E', 'O', 'X', 'E', 'E']","['duplicate', 'reflectional']","[93, 110, 128]","[360, 467, 456, 479]",False,5
252,"['X', 'X', 'O', 'E', 'E', 'O', 'E', 'X', 'E']","['duplicate', 'reflectional']","[93, 113, 145]","[401, 469, 480, 481]",False,5
253,"['X', 'X', 'O', 'X', 'E', 'E', 'O', 'E', 'E']","['rotational', 'reflectional']","[94, 143]","[461, 473, 482]",False,5
254,"['X', 'X', 'O', 'E', 'X', 'E', 'O', 'E', 'E']","['duplicate', 'reflectional']","[94, 102, 138]","[368, 476, 483, 484]",False,5
255,"['X', 'X', 'O', 'E', 'E', 'X', 'O', 'E', 'E']","['duplicate', 'reflectional', 'rotational']","[94, 106, 132]","[377, 464, 485, 486]",False,5
256,"['X', 'X', 'O', 'E', 'E', 'E', 'O', 'X', 'E']",['reflectional'],"[94, 106, 149]","[372, 470, 480, 487]",False,5
257,"['X', 'X', 'O', 'E', 'E', 'E', 'O', 'E', 'X']","['reflectional', 'duplicate', 'rotational']","[94, 106, 116]","[381, 472, 437, 458]",False,5
258,"['X', 'X', 'O', 'X', 'E', 'E', 'E', 'O', 'E']","['duplicate', 'reflectional']","[95, 99, 142]","[462, 474, 473, 488]",False,5
259,"['X', 'X', 'O', 'E', 'X', 'E', 'E', 'O', 'E']","['duplicate', 'reflectional']","[95, 103, 137]","[392, 477, 483, 489]",False,5
260,"['X', 'X', 'O', 'E', 'E', 'X', 'E', 'O', 'E']","['duplicate', 'rotational']","[95, 107, 131]","[395, 465, 485, 490]",False,5
261,"['X', 'X', 'O', 'X', 'E', 'E', 'E', 'E', 'O']","['duplicate', 'reflectional']","[96, 100, 141]","[463, 475, 482, 488]",False,5
262,"['X', 'X', 'O', 'E', 'X', 'E', 'E', 'E', 'O']","['duplicate', 'reflectional']","[96, 104, 136]","[400, 478, 484, 489]",False,5
263,"['X', 'X', 'O', 'E', 'E', 'X', 'E', 'E', 'O']","['duplicate', 'rotational']","[96, 108, 129]","[403, 466, 486, 490]",False,5
264,"['X', 'X', 'O', 'E', 'E', 'E', 'X', 'E', 'O']","['duplicate', 'reflectional']","[96, 111, 114]","[361, 468, 479, 450]",False,5
265,"['X', 'X', 'O', 'E', 'E', 'E', 'E', 'X', 'O']","['duplicate', 'reflectional', 'rotational']","[96, 114, 148]","[402, 471, 481, 487]",False,5
266,"['X', 'E', 'O', 'X', 'O', 'X', 'E', 'E', 'E']","['duplicate', 'rotational']","[97, 105, 146]","[371, 470, 491, 492]",False,5
267,"['X', 'E', 'O', 'X', 'O', 'E', 'X', 'E', 'E']","['duplicate', 'rotational']","[97, 109, 119]",[],X,5
268,"['X', 'E', 'O', 'X', 'O', 'E', 'E', 'X', 'E']","['duplicate', 'rotational', 'reflectional']","[97, 112, 159]","[375, 493, 464, 494]",False,5
269,"['X', 'E', 'O', 'X', 'O', 'E', 'E', 'E', 'X']","['reflectional', 'duplicate']","[97, 112, 115]","[379, 457, 472, 446]",False,5
270,"['X', 'E', 'O', 'X', 'X', 'O', 'E', 'E', 'E']","['duplicate', 'reflectional']","[98, 101, 160]","[367, 483, 495, 496]",False,5
271,"['X', 'E', 'O', 'X', 'E', 'O', 'X', 'E', 'E']","['duplicate', 'reflectional']","[98, 110, 125]",[],X,5
272,"['X', 'E', 'O', 'X', 'E', 'O', 'E', 'X', 'E']","['duplicate', 'rotational']","[98, 113, 155]","[376, 493, 485, 497]",False,5
273,"['X', 'E', 'O', 'X', 'X', 'E', 'E', 'O', 'E']","['duplicate', 'rotational']","[99, 103, 153]","[369, 495, 476, 498]",False,5
274,"['X', 'E', 'O', 'X', 'E', 'X', 'E', 'O', 'E']","['duplicate', 'rotational']","[99, 107, 147]","[373, 491, 480, 499]",False,5
275,"['X', 'E', 'O', 'X', 'X', 'E', 'E', 'E', 'O']","['duplicate', 'reflectional', 'rotational']","[100, 104, 161]","[370, 496, 484, 498]",False,5
276,"['X', 'E', 'O', 'X', 'E', 'X', 'E', 'E', 'O']","['duplicate', 'rotational', 'reflectional']","[100, 108, 144]","[374, 492, 487, 499]",False,5
277,"['X', 'E', 'O', 'X', 'E', 'E', 'X', 'E', 'O']","['duplicate', 'reflectional']","[100, 111]",[],X,5
278,"['X', 'E', 'O', 'X', 'E', 'E', 'E', 'X', 'O']","['duplicate', 'rotational']","[100, 114, 141]","[378, 494, 497, 486]",False,5
279,"['X', 'E', 'O', 'E', 'X', 'O', 'X', 'E', 'E']","['duplicate', 'reflectional']","[101, 110, 127]","[411, 362, 421, 500]",False,5
280,"['X', 'E', 'O', 'E', 'X', 'O', 'E', 'X', 'E']","['duplicate', 'rotational']","[101, 113, 151]","[415, 424, 501, 502]",False,5
281,"['X', 'E', 'O', 'E', 'X', 'X', 'O', 'E', 'E']","['reflectional', 'duplicate', 'rotational']","[102, 106, 138]","[408, 416, 501, 503]",False,5
282,"['X', 'E', 'O', 'E', 'X', 'E', 'O', 'E', 'X']","['duplicate', 'rotational', 'reflectional']","[102, 116]",[],X,5
283,"['X', 'E', 'O', 'E', 'X', 'X', 'E', 'O', 'E']","['duplicate', 'rotational']","[103, 107, 135]","[409, 422, 501, 504]",False,5
284,"['X', 'E', 'O', 'E', 'X', 'X', 'E', 'E', 'O']","['duplicate', 'rotational', 'reflectional']","[104, 108, 133]","[410, 426, 503, 504]",False,5
285,"['X', 'E', 'O', 'E', 'X', 'E', 'X', 'E', 'O']","['duplicate', 'reflectional']","[104, 111]","[413, 363, 500]",False,5
286,"['X', 'E', 'O', 'E', 'X', 'E', 'E', 'X', 'O']","['duplicate', 'rotational']","[104, 114, 136]","[417, 425, 502, 503]",False,5
287,"['X', 'E', 'O', 'E', 'O', 'X', 'X', 'E', 'E']","['duplicate', 'reflectional']","[105, 109, 122]","[428, 359, 443, 505]",False,5
288,"['X', 'E', 'O', 'E', 'O', 'X', 'E', 'X', 'E']","['duplicate', 'rotational']","[105, 112, 140]","[432, 444, 506, 507]",False,5
289,"['X', 'E', 'O', 'E', 'E', 'X', 'O', 'X', 'E']","['rotational', 'reflectional']","[106, 143]","[433, 506, 508]",False,5
290,"['X', 'E', 'O', 'E', 'E', 'X', 'X', 'E', 'O']","['duplicate', 'reflectional']","[108, 111]","[430, 365, 505]",False,5
291,"['X', 'E', 'O', 'E', 'E', 'X', 'E', 'X', 'O']","['duplicate', 'reflectional']","[108, 114, 129]","[434, 447, 507, 508]",False,5
292,"['X', 'E', 'O', 'E', 'O', 'E', 'X', 'X', 'E']","['duplicate', 'reflectional']","[109, 112, 119]","[448, 356, 509, 468]",False,5
293,"['X', 'E', 'O', 'E', 'O', 'E', 'X', 'E', 'X']","['duplicate', 'reflectional']","[109, 115]","[451, 358]",False,5
294,"['X', 'E', 'O', 'E', 'E', 'O', 'X', 'X', 'E']","['duplicate', 'reflectional']","[110, 113, 124]","[449, 364, 509, 479]",False,5
295,"['X', 'X', 'E', 'X', 'O', 'O', 'E', 'E', 'E']",['reflectional'],"[117, 118, 154]","[460, 462, 510, 511]",False,5
296,"['X', 'X', 'E', 'E', 'O', 'O', 'X', 'E', 'E']","['reflectional', 'rotational']","[117, 120, 121]","[467, 355, 453, 509]",False,5
297,"['X', 'X', 'E', 'E', 'O', 'O', 'E', 'X', 'E']","['reflectional', 'rotational']","[117, 121, 157]","[469, 384, 491, 512]",False,5
298,"['X', 'X', 'X', 'E', 'O', 'E', 'E', 'O', 'E']","['duplicate', 'reflectional']","[118, 120]",[],X,5
299,"['X', 'X', 'E', 'E', 'O', 'X', 'E', 'O', 'E']","['duplicate', 'reflectional']","[118, 121, 154]","[465, 386, 493, 513]",False,5
300,"['X', 'X', 'E', 'X', 'O', 'E', 'E', 'E', 'O']","['duplicate', 'reflectional']","[119, 159]","[463, 511]",False,5
301,"['X', 'X', 'E', 'E', 'O', 'X', 'E', 'E', 'O']","['duplicate', 'reflectional']","[119, 122, 140]","[466, 388, 494, 513]",False,5
302,"['X', 'X', 'E', 'E', 'O', 'E', 'E', 'X', 'O']","['reflectional', 'rotational']","[119, 122, 146]","[471, 385, 512, 492]",False,5
303,"['X', 'E', 'E', 'E', 'O', 'X', 'E', 'X', 'O']","['rotational', 'reflectional']","[122, 130]","[445, 507]",False,5
304,"['X', 'X', 'E', 'X', 'E', 'O', 'E', 'O', 'E']","['rotational', 'reflectional']","[123, 156]","[474, 510, 514]",False,5
305,"['X', 'X', 'E', 'E', 'X', 'O', 'E', 'O', 'E']","['duplicate', 'reflectional']","[123, 126, 152]","[477, 393, 495, 515]",False,5
306,"['X', 'X', 'E', 'X', 'E', 'O', 'E', 'E', 'O']","['duplicate', 'reflectional']","[124, 125, 155]","[475, 511, 488, 514]",False,5
307,"['X', 'X', 'E', 'E', 'X', 'O', 'E', 'E', 'O']","['duplicate', 'reflectional']","[124, 127, 151]","[478, 405, 498, 515]",False,5
308,"['X', 'X', 'E', 'E', 'E', 'O', 'E', 'X', 'O']","['duplicate', 'rotational']","[124, 128, 145]","[481, 406, 512, 499]",False,5
309,"['X', 'E', 'E', 'X', 'X', 'O', 'E', 'E', 'O']","['duplicate', 'rotational']","[125, 127, 160]","[394, 496, 489, 515]",False,5
310,"['X', 'E', 'E', 'X', 'E', 'O', 'E', 'X', 'O']","['duplicate', 'rotational']","[125, 128, 139]","[396, 497, 513, 490]",False,5
311,"['X', 'E', 'E', 'E', 'X', 'O', 'E', 'X', 'O']","['duplicate', 'rotational']","[127, 128, 134]","[423, 502, 427, 504]",False,5
312,"['O', 'X', 'O', 'X', 'X', 'E', 'E', 'E', 'E']","['duplicate', 'reflectional']","[129, 133, 136]","[516, 517, 518, 519]",False,5
313,"['O', 'X', 'O', 'X', 'E', 'X', 'E', 'E', 'E']","['rotational', 'reflectional']","[129, 148]","[520, 521, 522]",False,5
314,"['O', 'X', 'O', 'X', 'E', 'E', 'E', 'X', 'E']","['reflectional', 'duplicate']","[129, 141, 144]","[523, 524, 521, 525]",False,5
315,"['O', 'X', 'E', 'X', 'O', 'X', 'E', 'E', 'E']","['reflectional', 'duplicate']","[130, 140, 146]","[520, 523, 526, 527]",False,5
316,"['O', 'X', 'E', 'X', 'X', 'O', 'E', 'E', 'E']","['duplicate', 'reflectional']","[131, 135, 137]","[516, 518, 528, 529]",False,5
317,"['O', 'X', 'E', 'X', 'E', 'O', 'E', 'X', 'E']","['reflectional', 'duplicate']","[131, 142, 147]","[524, 526, 522, 530]",False,5
318,"['O', 'X', 'E', 'X', 'X', 'E', 'E', 'E', 'O']","['duplicate', 'reflectional']","[132, 138]","[519, 529]",False,5
319,"['O', 'X', 'E', 'X', 'E', 'X', 'E', 'E', 'O']","['reflectional', 'duplicate']","[132, 143, 149]","[521, 527, 525, 530]",False,5
320,"['O', 'X', 'O', 'E', 'X', 'E', 'E', 'X', 'E']","['duplicate', 'reflectional', 'rotational']","[133, 144, 161]",[],X,5
321,"['O', 'X', 'E', 'O', 'X', 'X', 'E', 'E', 'E']","['duplicate', 'rotational']","[134, 139, 160]","[516, 531, 532, 533]",False,5
322,"['O', 'X', 'E', 'O', 'X', 'E', 'E', 'X', 'E']","['duplicate', 'reflectional']","[134, 145, 151]",[],X,5
323,"['O', 'X', 'E', 'E', 'X', 'O', 'E', 'X', 'E']","['duplicate', 'rotational']","[135, 147, 153]",[],X,5
324,"['O', 'X', 'E', 'E', 'X', 'X', 'O', 'E', 'E']","['duplicate', 'rotational', 'reflectional']","[136, 141, 161]","[519, 531, 534, 535]",False,5
325,"['O', 'X', 'E', 'E', 'X', 'E', 'O', 'X', 'E']","['duplicate', 'reflectional']","[136, 148]",[],X,5
326,"['O', 'X', 'E', 'E', 'X', 'X', 'E', 'O', 'E']","['duplicate', 'reflectional']","[137, 142, 153]","[518, 532, 534, 533]",False,5
327,"['O', 'X', 'E', 'E', 'X', 'X', 'E', 'E', 'O']","['duplicate', 'reflectional']","[138, 143]","[517, 533, 535]",False,5
328,"['O', 'X', 'E', 'E', 'X', 'E', 'E', 'X', 'O']","['duplicate', 'rotational']","[138, 149]",[],X,5
329,"['O', 'X', 'E', 'O', 'E', 'X', 'E', 'X', 'E']","['duplicate', 'reflectional']","[139, 145, 155]","[524, 536, 537, 530]",False,5
330,"['O', 'X', 'E', 'E', 'O', 'X', 'E', 'X', 'E']","['duplicate', 'reflectional', 'rotational']","[140, 146, 159]","[523, 536, 538, 527]",False,5
331,"['O', 'X', 'E', 'E', 'E', 'X', 'O', 'X', 'E']","['duplicate', 'reflectional']","[141, 148]","[525, 537, 538]",False,5
332,"['E', 'X', 'E', 'O', 'X', 'O', 'E', 'X', 'E']","['duplicate', 'rotational', 'reflectional']","[150, 158]",[],X,5
333,"['E', 'X', 'E', 'O', 'X', 'X', 'O', 'E', 'E']","['duplicate', 'reflectional']","[151, 155, 160]","[531, 529, 539, 534]",False,5
334,"['E', 'X', 'E', 'O', 'X', 'X', 'E', 'O', 'E']","['duplicate', 'reflectional']","[152, 156]","[532, 528, 539]",False,5
335,"['E', 'X', 'E', 'O', 'O', 'X', 'E', 'X', 'E']","['duplicate', 'reflectional']","[154, 157]","[536, 526]",False,5
336,"['X', 'O', 'X', 'O', 'X', 'O', 'E', 'E', 'E']","['rotational', 'reflectional']","[162, 216]","[540, 541]",False,6
337,"['X', 'O', 'X', 'O', 'X', 'E', 'O', 'E', 'E']","['duplicate', 'reflectional']","[162, 171, 204]","[542, 543, 544]",False,6
338,"['X', 'O', 'X', 'O', 'X', 'E', 'E', 'O', 'E']","['duplicate', 'reflectional']","[162, 176, 209]","[545, 540, 546]",False,6
339,"['X', 'O', 'X', 'O', 'X', 'E', 'E', 'E', 'O']",['reflectional'],"[162, 171, 219]","[547, 548, 549]",False,6
340,"['X', 'O', 'X', 'O', 'O', 'X', 'E', 'E', 'E']",['reflectional'],"[163, 167, 236]","[550, 551, 552]",False,6
341,"['X', 'O', 'X', 'O', 'E', 'X', 'O', 'E', 'E']","['duplicate', 'reflectional']","[163, 172, 234]","[542, 553, 554]",False,6
342,"['X', 'O', 'X', 'O', 'E', 'X', 'E', 'O', 'E']",['reflectional'],"[163, 175, 238]","[545, 555, 556]",False,6
343,"['X', 'O', 'X', 'O', 'E', 'X', 'E', 'E', 'O']",['reflectional'],"[163, 170, 240]","[547, 557, 558]",False,6
344,"['X', 'O', 'X', 'O', 'O', 'E', 'X', 'E', 'E']","['duplicate', 'reflectional']","[164, 168]","[550, 559]",False,6
345,"['X', 'O', 'X', 'O', 'E', 'O', 'X', 'E', 'E']",['reflectional'],"[164, 166, 177]","[540, 555, 560]",False,6
346,"['X', 'O', 'X', 'O', 'E', 'E', 'X', 'E', 'O']","['rotational', 'reflectional']","[164, 174]","[548, 557]",False,6
347,"['X', 'O', 'X', 'O', 'O', 'E', 'E', 'X', 'E']","['duplicate', 'reflectional']","[165, 169, 226]","[551, 550, 561]",False,6
348,"['X', 'O', 'X', 'O', 'E', 'O', 'E', 'X', 'E']","['rotational', 'reflectional']","[165, 231]","[541, 555]",False,6
349,"['X', 'O', 'X', 'O', 'E', 'E', 'O', 'X', 'E']","['duplicate', 'reflectional']","[165, 173, 221]","[543, 553, 562]",False,6
350,"['X', 'O', 'X', 'O', 'E', 'E', 'E', 'X', 'O']",['reflectional'],"[165, 173, 232]","[549, 558, 557]",False,6
351,"['X', 'O', 'X', 'O', 'O', 'E', 'E', 'E', 'X']",['reflectional'],"[166, 168, 237]","[552, 559, 561]",False,6
352,"['X', 'O', 'X', 'O', 'E', 'E', 'O', 'E', 'X']","['duplicate', 'reflectional']","[166, 174, 235]","[544, 554, 562]",False,6
353,"['X', 'O', 'X', 'O', 'E', 'E', 'E', 'O', 'X']","['reflectional', 'rotational']","[166, 177, 239]","[546, 556, 560]",False,6
354,"['X', 'O', 'X', 'X', 'O', 'E', 'O', 'E', 'E']","['duplicate', 'reflectional']","[167, 170, 246]","[563, 564, 565]",False,6
355,"['X', 'O', 'X', 'X', 'O', 'E', 'E', 'O', 'E']","['duplicate', 'reflectional']","[167, 175, 296]",[],O,6
356,"['X', 'O', 'X', 'X', 'O', 'E', 'E', 'E', 'O']","['reflectional', 'rotational']","[167, 172, 292]","[563, 566, 567]",False,6
357,"['X', 'O', 'X', 'E', 'O', 'E', 'X', 'O', 'E']","['duplicate', 'reflectional']","[168, 177, 237]",[],O,6
358,"['X', 'O', 'X', 'E', 'O', 'E', 'X', 'E', 'O']","['reflectional', 'rotational']","[168, 174, 293]","[566, 565, 568]",False,6
359,"['X', 'O', 'X', 'E', 'O', 'E', 'O', 'X', 'E']","['reflectional', 'duplicate']","[169, 173, 287]","[564, 567, 568]",False,6
360,"['X', 'O', 'X', 'X', 'E', 'E', 'O', 'O', 'E']","['duplicate', 'reflectional']","[170, 175, 251]","[569, 570, 571]",False,6
361,"['X', 'O', 'X', 'X', 'E', 'E', 'O', 'E', 'O']",['reflectional'],"[170, 172, 264]","[572, 573, 574]",False,6
362,"['X', 'O', 'X', 'E', 'X', 'E', 'O', 'O', 'E']","['duplicate', 'reflectional']","[171, 176, 279]","[569, 575, 576]",False,6
363,"['X', 'O', 'X', 'E', 'X', 'E', 'O', 'E', 'O']","['rotational', 'reflectional']","[171, 285]","[572, 577]",False,6
364,"['X', 'O', 'X', 'E', 'E', 'X', 'O', 'O', 'E']",['reflectional'],"[172, 175, 294]","[570, 575, 578]",False,6
365,"['X', 'O', 'X', 'E', 'E', 'E', 'O', 'X', 'O']","['rotational', 'reflectional']","[173, 290]","[574, 577]",False,6
366,"['X', 'O', 'X', 'E', 'E', 'E', 'O', 'O', 'X']","['reflectional', 'rotational']","[174, 177, 235]","[571, 576, 578]",False,6
367,"['X', 'O', 'O', 'X', 'X', 'O', 'E', 'E', 'E']",['duplicate'],"[178, 187, 270]","[579, 580, 581]",False,6
368,"['X', 'O', 'O', 'X', 'X', 'E', 'O', 'E', 'E']","['duplicate', 'reflectional']","[178, 191, 254]","[582, 583, 584]",False,6
369,"['X', 'O', 'O', 'X', 'X', 'E', 'E', 'O', 'E']",['duplicate'],"[178, 195, 273]","[585, 586, 587]",False,6
370,"['X', 'O', 'O', 'X', 'X', 'E', 'E', 'E', 'O']",['duplicate'],"[178, 199, 275]","[588, 589, 590]",False,6
371,"['X', 'O', 'O', 'X', 'O', 'X', 'E', 'E', 'E']",['duplicate'],"[179, 183, 266]","[591, 592, 593]",False,6
372,"['X', 'O', 'O', 'X', 'E', 'X', 'O', 'E', 'E']","['duplicate', 'reflectional']","[179, 192, 256]","[582, 594, 595]",False,6
373,"['X', 'O', 'O', 'X', 'E', 'X', 'E', 'O', 'E']",['duplicate'],"[179, 196, 274]","[585, 596, 597]",False,6
374,"['X', 'O', 'O', 'X', 'E', 'X', 'E', 'E', 'O']",['duplicate'],"[179, 200, 276]","[588, 598, 599]",False,6
375,"['X', 'O', 'O', 'X', 'O', 'E', 'E', 'X', 'E']",['duplicate'],"[181, 185, 268]","[592, 600, 601]",False,6
376,"['X', 'O', 'O', 'X', 'E', 'O', 'E', 'X', 'E']",['duplicate'],"[181, 189, 272]","[580, 602, 603]",False,6
377,"['X', 'O', 'O', 'X', 'E', 'E', 'O', 'X', 'E']","['duplicate', 'reflectional']","[181, 193, 255]","[583, 594, 604]",False,6
378,"['X', 'O', 'O', 'X', 'E', 'E', 'E', 'X', 'O']",['duplicate'],"[181, 202, 278]","[590, 599, 605]",False,6
379,"['X', 'O', 'O', 'X', 'O', 'E', 'E', 'E', 'X']",['duplicate'],"[182, 186, 269]","[593, 606, 601]",False,6
380,"['X', 'O', 'O', 'X', 'E', 'O', 'E', 'E', 'X']","['duplicate', 'reflectional']","[182, 190, 241]","[581, 607, 603]",False,6
381,"['X', 'O', 'O', 'X', 'E', 'E', 'O', 'E', 'X']","['duplicate', 'reflectional']","[182, 194, 257]","[584, 595, 604]",False,6
382,"['X', 'O', 'O', 'X', 'E', 'E', 'E', 'O', 'X']","['duplicate', 'rotational']","[182, 198, 230]","[587, 597, 578]",False,6
383,"['X', 'O', 'E', 'X', 'O', 'X', 'O', 'E', 'E']","['duplicate', 'reflectional']","[183, 192, 247]","[563, 608, 609]",False,6
384,"['X', 'O', 'E', 'X', 'O', 'X', 'E', 'O', 'E']","['duplicate', 'reflectional']","[183, 196, 297]",[],O,6
385,"['X', 'O', 'E', 'X', 'O', 'X', 'E', 'E', 'O']","['duplicate', 'reflectional']","[183, 200, 302]","[563, 610, 611]",False,6
386,"['X', 'O', 'E', 'X', 'O', 'O', 'E', 'X', 'E']","['duplicate', 'reflectional']","[185, 189, 299]","[551, 612, 613]",False,6
387,"['X', 'O', 'E', 'X', 'O', 'E', 'O', 'X', 'E']","['duplicate', 'reflectional']","[185, 193, 245]","[564, 608, 614]",False,6
388,"['X', 'O', 'E', 'X', 'O', 'E', 'E', 'X', 'O']","['duplicate', 'reflectional']","[185, 202, 301]","[567, 611, 615]",False,6
389,"['X', 'O', 'E', 'X', 'O', 'O', 'E', 'E', 'X']","['duplicate', 'reflectional']","[186, 190, 242]","[550, 616, 613]",False,6
390,"['X', 'O', 'E', 'X', 'O', 'E', 'O', 'E', 'X']","['duplicate', 'reflectional']","[186, 194, 248]","[565, 609, 614]",False,6
391,"['X', 'O', 'E', 'X', 'O', 'E', 'E', 'O', 'X']","['duplicate', 'rotational']","[186, 198, 228]",[],O,6
392,"['X', 'O', 'E', 'X', 'X', 'O', 'O', 'E', 'E']","['duplicate', 'reflectional']","[187, 191, 259]","[547, 617, 618]",False,6
393,"['X', 'O', 'E', 'X', 'X', 'O', 'E', 'O', 'E']","['duplicate', 'reflectional']","[187, 195, 305]","[545, 619, 620]",False,6
394,"['X', 'O', 'E', 'X', 'X', 'O', 'E', 'E', 'O']",['duplicate'],"[187, 199, 309]","[542, 621, 622]",False,6
395,"['X', 'O', 'E', 'X', 'E', 'O', 'O', 'X', 'E']","['duplicate', 'reflectional']","[189, 193, 260]","[558, 617, 623]",False,6
396,"['X', 'O', 'E', 'X', 'E', 'O', 'E', 'X', 'O']",['duplicate'],"[189, 202, 310]","[553, 622, 624]",False,6
397,"['X', 'O', 'E', 'X', 'E', 'O', 'O', 'E', 'X']","['duplicate', 'reflectional']","[190, 194, 243]","[557, 618, 623]",False,6
398,"['X', 'O', 'E', 'X', 'E', 'O', 'E', 'O', 'X']","['duplicate', 'rotational']","[190, 198, 225]","[555, 620, 556]",False,6
399,"['X', 'O', 'E', 'X', 'X', 'E', 'O', 'O', 'E']","['duplicate', 'reflectional']","[191, 195, 250]","[569, 625, 626]",False,6
400,"['X', 'O', 'E', 'X', 'X', 'E', 'O', 'E', 'O']","['duplicate', 'reflectional']","[191, 199, 262]","[572, 627, 628]",False,6
401,"['X', 'O', 'E', 'X', 'E', 'X', 'O', 'O', 'E']","['duplicate', 'reflectional']","[192, 196, 252]","[570, 625, 597]",False,6
402,"['X', 'O', 'E', 'X', 'E', 'X', 'O', 'E', 'O']","['duplicate', 'reflectional']","[192, 200, 265]","[573, 627, 629]",False,6
403,"['X', 'O', 'E', 'X', 'E', 'E', 'O', 'X', 'O']","['duplicate', 'reflectional']","[193, 202, 263]","[574, 628, 629]",False,6
404,"['X', 'O', 'E', 'X', 'E', 'E', 'O', 'O', 'X']","['duplicate', 'rotational']","[194, 198, 223]","[571, 626, 597]",False,6
405,"['X', 'O', 'E', 'X', 'X', 'E', 'E', 'O', 'O']","['duplicate', 'reflectional']","[195, 199, 307]","[575, 630, 586]",False,6
406,"['X', 'O', 'E', 'X', 'E', 'X', 'E', 'O', 'O']","['duplicate', 'reflectional']","[196, 200, 308]","[570, 630, 596]",False,6
407,"['X', 'O', 'O', 'O', 'X', 'X', 'E', 'E', 'E']","['duplicate', 'reflectional']","[203, 207, 213]","[543, 631, 632]",False,6
408,"['X', 'O', 'O', 'E', 'X', 'X', 'O', 'E', 'E']",['duplicate'],"[203, 212, 281]","[582, 633, 634]",False,6
409,"['X', 'O', 'O', 'E', 'X', 'X', 'E', 'O', 'E']",['duplicate'],"[203, 215, 283]","[585, 635, 626]",False,6
410,"['X', 'O', 'O', 'E', 'X', 'X', 'E', 'E', 'O']",['duplicate'],"[203, 218, 284]","[588, 636, 637]",False,6
411,"['X', 'O', 'O', 'E', 'X', 'O', 'X', 'E', 'E']",['duplicate'],"[204, 209, 279]","[579, 638, 639]",False,6
412,"['X', 'O', 'O', 'E', 'X', 'E', 'X', 'O', 'E']","['duplicate', 'reflectional']","[204, 216, 219]","[586, 635, 576]",False,6
413,"['X', 'O', 'O', 'E', 'X', 'E', 'X', 'E', 'O']","['duplicate', 'reflectional']","[204, 219, 285]","[589, 636, 640]",False,6
414,"['X', 'O', 'O', 'O', 'X', 'E', 'E', 'X', 'E']",['reflectional'],"[205, 207, 212]","[631, 542, 641]",False,6
415,"['X', 'O', 'O', 'E', 'X', 'O', 'E', 'X', 'E']",['duplicate'],"[205, 210, 280]","[580, 638, 581]",False,6
416,"['X', 'O', 'O', 'E', 'X', 'E', 'O', 'X', 'E']","['duplicate', 'reflectional']","[205, 213, 281]","[583, 633, 642]",False,6
417,"['X', 'O', 'O', 'E', 'X', 'E', 'E', 'X', 'O']",['duplicate'],"[205, 220, 286]","[590, 637, 640]",False,6
418,"['X', 'O', 'E', 'O', 'X', 'X', 'E', 'O', 'E']","['reflectional', 'duplicate']","[207, 210, 215]","[545, 541, 620]",False,6
419,"['X', 'O', 'E', 'O', 'X', 'X', 'E', 'E', 'O']","['duplicate', 'reflectional']","[207, 218, 220]","[547, 549, 643]",False,6
420,"['X', 'O', 'E', 'E', 'X', 'O', 'X', 'O', 'E']","['duplicate', 'reflectional']","[209, 216]","[546, 619]",False,6
421,"['X', 'O', 'E', 'E', 'X', 'O', 'X', 'E', 'O']","['duplicate', 'reflectional']","[209, 219, 279]","[544, 621, 644]",False,6
422,"['X', 'O', 'E', 'E', 'X', 'O', 'O', 'X', 'E']","['duplicate', 'reflectional']","[210, 213, 283]","[549, 617, 618]",False,6
423,"['X', 'O', 'E', 'E', 'X', 'O', 'E', 'X', 'O']",['duplicate'],"[210, 220, 311]","[543, 622, 644]",False,6
424,"['X', 'O', 'E', 'E', 'X', 'X', 'O', 'O', 'E']","['duplicate', 'reflectional']","[212, 215, 280]","[575, 625, 587]",False,6
425,"['X', 'O', 'E', 'E', 'X', 'X', 'O', 'E', 'O']","['duplicate', 'reflectional']","[212, 218, 286]","[572, 627, 645]",False,6
426,"['X', 'O', 'E', 'E', 'X', 'E', 'O', 'X', 'O']","['duplicate', 'reflectional']","[213, 220, 284]","[577, 628, 645]",False,6
427,"['X', 'O', 'E', 'E', 'X', 'X', 'E', 'O', 'O']","['duplicate', 'reflectional']","[215, 218, 311]","[569, 630, 635]",False,6
428,"['X', 'O', 'O', 'E', 'O', 'X', 'X', 'E', 'E']",['duplicate'],"[221, 226, 287]","[591, 646, 647]",False,6
429,"['X', 'O', 'O', 'E', 'E', 'X', 'X', 'O', 'E']","['duplicate', 'reflectional']","[221, 231, 232]","[596, 635, 571]",False,6
430,"['X', 'O', 'O', 'E', 'E', 'X', 'X', 'E', 'O']","['duplicate', 'reflectional']","[221, 232, 290]","[598, 636, 648]",False,6
431,"['X', 'O', 'O', 'O', 'E', 'X', 'E', 'X', 'E']","['duplicate', 'reflectional']","[222, 224, 229]","[631, 553, 649]",False,6
432,"['X', 'O', 'O', 'E', 'O', 'X', 'E', 'X', 'E']",['duplicate'],"[222, 227, 288]","[592, 646, 650]",False,6
433,"['X', 'O', 'O', 'E', 'E', 'X', 'O', 'X', 'E']","['duplicate', 'reflectional']","[222, 229, 289]","[594, 633, 651]",False,6
434,"['X', 'O', 'O', 'E', 'E', 'X', 'E', 'X', 'O']",['duplicate'],"[222, 233, 291]","[599, 637, 648]",False,6
435,"['X', 'O', 'O', 'O', 'E', 'X', 'E', 'E', 'X']","['duplicate', 'reflectional']","[223, 225, 243]","[632, 562, 649]",False,6
436,"['X', 'O', 'O', 'E', 'O', 'X', 'E', 'E', 'X']","['duplicate', 'reflectional']","[223, 228, 248]","[593, 647, 650]",False,6
437,"['X', 'O', 'O', 'E', 'E', 'X', 'O', 'E', 'X']","['duplicate', 'reflectional']","[223, 230, 257]","[595, 634, 651]",False,6
438,"['X', 'O', 'E', 'O', 'O', 'X', 'E', 'X', 'E']","['duplicate', 'reflectional']","[224, 227]","[551, 652]",False,6
439,"['X', 'O', 'E', 'O', 'E', 'X', 'E', 'X', 'O']","['duplicate', 'reflectional']","[224, 233]","[558, 643]",False,6
440,"['X', 'O', 'E', 'O', 'O', 'X', 'E', 'E', 'X']","['duplicate', 'reflectional']","[225, 228, 242]","[552, 561, 652]",False,6
441,"['X', 'O', 'E', 'O', 'E', 'X', 'O', 'E', 'X']","['duplicate', 'reflectional']","[225, 230, 241]","[554, 641, 649]",False,6
442,"['X', 'O', 'E', 'E', 'O', 'X', 'X', 'O', 'E']","['duplicate', 'reflectional']","[226, 231]",[],O,6
443,"['X', 'O', 'E', 'E', 'O', 'X', 'X', 'E', 'O']","['duplicate', 'reflectional']","[226, 232, 287]","[565, 610, 653]",False,6
444,"['X', 'O', 'E', 'E', 'O', 'X', 'O', 'X', 'E']","['duplicate', 'reflectional']","[227, 229, 288]","[567, 608, 654]",False,6
445,"['X', 'O', 'E', 'E', 'O', 'X', 'E', 'X', 'O']","['duplicate', 'reflectional']","[227, 233, 303]","[564, 611, 653]",False,6
446,"['X', 'O', 'E', 'E', 'O', 'X', 'O', 'E', 'X']","['duplicate', 'rotational']","[228, 230, 269]","[566, 609, 654]",False,6
447,"['X', 'O', 'E', 'E', 'E', 'X', 'O', 'X', 'O']","['duplicate', 'reflectional']","[229, 233, 291]","[574, 629, 645]",False,6
448,"['X', 'O', 'O', 'E', 'O', 'E', 'X', 'X', 'E']",['duplicate'],"[234, 236, 292]","[600, 646, 655]",False,6
449,"['X', 'O', 'O', 'E', 'E', 'O', 'X', 'X', 'E']",['duplicate'],"[234, 238, 294]","[602, 638, 607]",False,6
450,"['X', 'O', 'O', 'E', 'E', 'E', 'X', 'X', 'O']","['duplicate', 'reflectional']","[234, 240, 264]","[605, 640, 648]",False,6
451,"['X', 'O', 'O', 'E', 'O', 'E', 'X', 'E', 'X']","['duplicate', 'reflectional']","[235, 237, 293]","[606, 647, 655]",False,6
452,"['X', 'O', 'O', 'E', 'E', 'O', 'X', 'E', 'X']","['duplicate', 'reflectional']","[235, 239]","[607, 639]",False,6
453,"['X', 'O', 'E', 'E', 'O', 'O', 'X', 'X', 'E']","['duplicate', 'reflectional']","[236, 238, 296]","[561, 612, 616]",False,6
454,"['X', 'O', 'E', 'E', 'O', 'E', 'X', 'X', 'O']","['duplicate', 'reflectional']","[236, 240, 246]","[568, 615, 653]",False,6
455,"['X', 'O', 'E', 'E', 'O', 'O', 'X', 'E', 'X']","['duplicate', 'reflectional']","[237, 239]","[559, 616]",False,6
456,"['X', 'O', 'E', 'E', 'E', 'O', 'X', 'X', 'O']","['duplicate', 'reflectional']","[238, 240, 251]","[562, 624, 644]",False,6
457,"['X', 'O', 'O', 'E', 'O', 'E', 'E', 'X', 'X']","['duplicate', 'reflectional']","[241, 242, 269]","[601, 650, 655]",False,6
458,"['X', 'O', 'O', 'E', 'E', 'E', 'O', 'X', 'X']","['duplicate', 'rotational']","[241, 243, 257]","[604, 642, 651]",False,6
459,"['X', 'O', 'E', 'E', 'O', 'E', 'O', 'X', 'X']","['duplicate', 'rotational']","[242, 243, 248]","[568, 614, 654]",False,6
460,"['X', 'X', 'O', 'X', 'O', 'O', 'E', 'E', 'E']",['duplicate'],"[244, 249, 295]","[656, 657, 650]",False,6
461,"['X', 'X', 'O', 'X', 'O', 'E', 'O', 'E', 'E']","['duplicate', 'reflectional']","[244, 253]",[],O,6
462,"['X', 'X', 'O', 'X', 'O', 'E', 'E', 'O', 'E']","['duplicate', 'reflectional']","[244, 258, 295]","[658, 615, 654]",False,6
463,"['X', 'X', 'O', 'X', 'O', 'E', 'E', 'E', 'O']","['duplicate', 'reflectional']","[244, 261, 300]","[659, 660, 661]",False,6
464,"['X', 'X', 'O', 'E', 'O', 'X', 'O', 'E', 'E']","['duplicate', 'reflectional']","[245, 255, 268]",[],O,6
465,"['X', 'X', 'O', 'E', 'O', 'X', 'E', 'O', 'E']",['duplicate'],"[245, 260, 299]","[658, 653, 614]",False,6
466,"['X', 'X', 'O', 'E', 'O', 'X', 'E', 'E', 'O']",['duplicate'],"[245, 263, 301]","[659, 662, 663]",False,6
467,"['X', 'X', 'O', 'E', 'O', 'O', 'X', 'E', 'E']",['duplicate'],"[246, 251, 296]","[656, 664, 647]",False,6
468,"['X', 'X', 'O', 'E', 'O', 'E', 'X', 'E', 'O']","['duplicate', 'reflectional']","[246, 264, 292]","[660, 662, 665]",False,6
469,"['X', 'X', 'O', 'E', 'O', 'O', 'E', 'X', 'E']",['duplicate'],"[247, 252, 297]","[657, 664, 593]",False,6
470,"['X', 'X', 'O', 'E', 'O', 'E', 'O', 'X', 'E']","['duplicate', 'reflectional']","[247, 256, 266]",[],O,6
471,"['X', 'X', 'O', 'E', 'O', 'E', 'E', 'X', 'O']",['duplicate'],"[247, 265, 302]","[661, 663, 665]",False,6
472,"['X', 'X', 'O', 'E', 'O', 'E', 'O', 'E', 'X']","['duplicate', 'reflectional']","[248, 257, 269]",[],O,6
473,"['X', 'X', 'O', 'X', 'E', 'O', 'O', 'E', 'E']","['duplicate', 'reflectional']","[249, 253, 258]","[666, 667, 651]",False,6
474,"['X', 'X', 'O', 'X', 'E', 'O', 'E', 'O', 'E']","['duplicate', 'reflectional']","[249, 258, 304]","[668, 624, 649]",False,6
475,"['X', 'X', 'O', 'X', 'E', 'O', 'E', 'E', 'O']",['duplicate'],"[249, 261, 306]",[],O,6
476,"['X', 'X', 'O', 'E', 'X', 'O', 'O', 'E', 'E']","['duplicate', 'reflectional']","[250, 254, 273]","[666, 669, 634]",False,6
477,"['X', 'X', 'O', 'E', 'X', 'O', 'E', 'O', 'E']",['duplicate'],"[250, 259, 305]","[668, 644, 632]",False,6
478,"['X', 'X', 'O', 'E', 'X', 'O', 'E', 'E', 'O']",['duplicate'],"[250, 262, 307]",[],O,6
479,"['X', 'X', 'O', 'E', 'E', 'O', 'X', 'E', 'O']","['duplicate', 'reflectional']","[251, 264, 294]",[],O,6
480,"['X', 'X', 'O', 'E', 'E', 'O', 'O', 'X', 'E']","['duplicate', 'reflectional']","[252, 256, 274]","[667, 669, 595]",False,6
481,"['X', 'X', 'O', 'E', 'E', 'O', 'E', 'X', 'O']",['duplicate'],"[252, 265, 308]",[],O,6
482,"['X', 'X', 'O', 'X', 'E', 'E', 'O', 'E', 'O']","['duplicate', 'reflectional']","[253, 261]","[670, 671]",False,6
483,"['X', 'X', 'O', 'E', 'X', 'E', 'O', 'O', 'E']","['duplicate', 'reflectional']","[254, 259, 270]","[666, 672, 642]",False,6
484,"['X', 'X', 'O', 'E', 'X', 'E', 'O', 'E', 'O']","['duplicate', 'reflectional']","[254, 262, 275]","[670, 673, 674]",False,6
485,"['X', 'X', 'O', 'E', 'E', 'X', 'O', 'O', 'E']","['duplicate', 'reflectional']","[255, 260, 272]","[667, 672, 604]",False,6
486,"['X', 'X', 'O', 'E', 'E', 'X', 'O', 'E', 'O']","['duplicate', 'reflectional']","[255, 263, 278]","[671, 673, 675]",False,6
487,"['X', 'X', 'O', 'E', 'E', 'E', 'O', 'X', 'O']","['duplicate', 'reflectional']","[256, 265, 276]","[671, 674, 675]",False,6
488,"['X', 'X', 'O', 'X', 'E', 'E', 'E', 'O', 'O']","['duplicate', 'reflectional']","[258, 261, 306]","[676, 677, 605]",False,6
489,"['X', 'X', 'O', 'E', 'X', 'E', 'E', 'O', 'O']","['duplicate', 'reflectional']","[259, 262, 309]","[676, 678, 640]",False,6
490,"['X', 'X', 'O', 'E', 'E', 'X', 'E', 'O', 'O']","['duplicate', 'reflectional']","[260, 263, 310]","[677, 678, 648]",False,6
491,"['X', 'E', 'O', 'X', 'O', 'X', 'E', 'O', 'E']","['duplicate', 'reflectional']","[266, 274, 297]","[658, 610, 609]",False,6
492,"['X', 'E', 'O', 'X', 'O', 'X', 'E', 'E', 'O']","['duplicate', 'reflectional']","[266, 276, 302]","[659, 679, 680]",False,6
493,"['X', 'E', 'O', 'X', 'O', 'O', 'E', 'X', 'E']","['duplicate', 'reflectional']","[268, 272, 299]","[657, 681, 601]",False,6
494,"['X', 'E', 'O', 'X', 'O', 'E', 'E', 'X', 'O']","['duplicate', 'reflectional']","[268, 278, 301]","[661, 680, 660]",False,6
495,"['X', 'E', 'O', 'X', 'X', 'O', 'E', 'O', 'E']","['duplicate', 'reflectional']","[270, 273, 305]","[668, 621, 641]",False,6
496,"['X', 'E', 'O', 'X', 'X', 'O', 'E', 'E', 'O']",['duplicate'],"[270, 275, 309]",[],O,6
497,"['X', 'E', 'O', 'X', 'E', 'O', 'E', 'X', 'O']",['duplicate'],"[272, 278, 310]",[],O,6
498,"['X', 'E', 'O', 'X', 'X', 'E', 'E', 'O', 'O']","['duplicate', 'reflectional']","[273, 275, 307]","[676, 682, 589]",False,6
499,"['X', 'E', 'O', 'X', 'E', 'X', 'E', 'O', 'O']","['duplicate', 'reflectional']","[274, 276, 308]","[677, 682, 598]",False,6
500,"['X', 'E', 'O', 'E', 'X', 'O', 'X', 'E', 'O']","['duplicate', 'reflectional']","[279, 285]",[],O,6
501,"['X', 'E', 'O', 'E', 'X', 'O', 'O', 'X', 'E']",['reflectional'],"[280, 281, 283]","[669, 672, 584]",False,6
502,"['X', 'E', 'O', 'E', 'X', 'O', 'E', 'X', 'O']",['duplicate'],"[280, 286, 311]",[],O,6
503,"['X', 'E', 'O', 'E', 'X', 'X', 'O', 'E', 'O']","['duplicate', 'reflectional']","[281, 284, 286]","[673, 674, 683]",False,6
504,"['X', 'E', 'O', 'E', 'X', 'X', 'E', 'O', 'O']","['duplicate', 'reflectional']","[283, 284, 311]","[678, 682, 636]",False,6
505,"['X', 'E', 'O', 'E', 'O', 'X', 'X', 'E', 'O']","['duplicate', 'reflectional']","[287, 290]","[662, 679]",False,6
506,"['X', 'E', 'O', 'E', 'O', 'X', 'O', 'X', 'E']","['duplicate', 'reflectional']","[288, 289]",[],O,6
507,"['X', 'E', 'O', 'E', 'O', 'X', 'E', 'X', 'O']","['duplicate', 'reflectional']","[288, 291, 303]","[663, 680, 662]",False,6
508,"['X', 'E', 'O', 'E', 'E', 'X', 'O', 'X', 'O']","['duplicate', 'reflectional']","[289, 291]","[675, 683]",False,6
509,"['X', 'E', 'O', 'E', 'O', 'O', 'X', 'X', 'E']","['duplicate', 'reflectional']","[292, 294, 296]","[664, 681, 606]",False,6
510,"['X', 'X', 'E', 'X', 'O', 'O', 'E', 'O', 'E']","['duplicate', 'reflectional']","[295, 304]","[612, 652]",False,6
511,"['X', 'X', 'E', 'X', 'O', 'O', 'E', 'E', 'O']","['duplicate', 'reflectional']","[295, 300, 306]","[600, 681, 684]",False,6
512,"['X', 'X', 'E', 'E', 'O', 'O', 'E', 'X', 'O']",['duplicate'],"[297, 302, 308]","[591, 684, 664]",False,6
513,"['X', 'X', 'E', 'E', 'O', 'X', 'E', 'O', 'O']","['duplicate', 'reflectional']","[299, 301, 310]","[656, 684, 646]",False,6
514,"['X', 'X', 'E', 'X', 'E', 'O', 'E', 'O', 'O']","['duplicate', 'reflectional']","[304, 306]","[602, 685]",False,6
515,"['X', 'X', 'E', 'E', 'X', 'O', 'E', 'O', 'O']","['duplicate', 'reflectional']","[305, 307, 309]","[579, 685, 638]",False,6
516,"['O', 'X', 'O', 'X', 'X', 'O', 'E', 'E', 'E']","['duplicate', 'reflectional']","[312, 316, 321]","[678, 686, 637]",False,6
517,"['O', 'X', 'O', 'X', 'X', 'E', 'O', 'E', 'E']","['rotational', 'reflectional']","[312, 327]","[687, 683]",False,6
518,"['O', 'X', 'O', 'X', 'X', 'E', 'E', 'O', 'E']",['reflectional'],"[312, 316, 326]","[688, 628, 645]",False,6
519,"['O', 'X', 'O', 'X', 'X', 'E', 'E', 'E', 'O']","['duplicate', 'reflectional']","[312, 318, 324]","[687, 673, 689]",False,6
520,"['O', 'X', 'O', 'X', 'O', 'X', 'E', 'E', 'E']","['duplicate', 'reflectional']","[313, 315]","[663, 690]",False,6
521,"['O', 'X', 'O', 'X', 'E', 'X', 'O', 'E', 'E']",['reflectional'],"[313, 314, 319]","[687, 691, 675]",False,6
522,"['O', 'X', 'O', 'X', 'E', 'X', 'E', 'O', 'E']","['rotational', 'reflectional']","[313, 317]","[688, 629]",False,6
523,"['O', 'X', 'O', 'X', 'O', 'E', 'E', 'X', 'E']",['reflectional'],"[314, 315, 330]","[690, 659, 680]",False,6
524,"['O', 'X', 'O', 'X', 'E', 'O', 'E', 'X', 'E']","['duplicate', 'reflectional']","[314, 317, 329]","[686, 677, 599]",False,6
525,"['O', 'X', 'O', 'X', 'E', 'E', 'E', 'X', 'O']","['reflectional', 'rotational']","[314, 319, 331]","[689, 691, 671]",False,6
526,"['O', 'X', 'E', 'X', 'O', 'X', 'E', 'O', 'E']","['reflectional', 'rotational']","[315, 317, 335]","[658, 608, 611]",False,6
527,"['O', 'X', 'E', 'X', 'O', 'X', 'E', 'E', 'O']","['duplicate', 'reflectional']","[315, 319, 330]",[],O,6
528,"['O', 'X', 'E', 'X', 'X', 'O', 'E', 'O', 'E']","['rotational', 'reflectional']","[316, 334]","[617, 643]",False,6
529,"['O', 'X', 'E', 'X', 'X', 'O', 'E', 'E', 'O']","['duplicate', 'reflectional']","[316, 318, 333]","[583, 672, 692]",False,6
530,"['O', 'X', 'E', 'X', 'E', 'O', 'E', 'X', 'O']","['reflectional', 'rotational']","[317, 319, 329]","[594, 692, 667]",False,6
531,"['O', 'X', 'E', 'O', 'X', 'X', 'O', 'E', 'E']",['duplicate'],"[321, 324, 333]",[],O,6
532,"['O', 'X', 'E', 'O', 'X', 'X', 'E', 'O', 'E']","['duplicate', 'reflectional']","[321, 326, 334]","[668, 631, 622]",False,6
533,"['O', 'X', 'E', 'O', 'X', 'X', 'E', 'E', 'O']","['reflectional', 'duplicate']","[321, 326, 327]","[666, 633, 692]",False,6
534,"['O', 'X', 'E', 'E', 'X', 'X', 'O', 'O', 'E']","['duplicate', 'reflectional']","[324, 326, 333]","[676, 686, 590]",False,6
535,"['O', 'X', 'E', 'E', 'X', 'X', 'O', 'E', 'O']","['duplicate', 'reflectional']","[324, 327]","[670, 689]",False,6
536,"['O', 'X', 'E', 'O', 'O', 'X', 'E', 'X', 'E']","['duplicate', 'reflectional']","[329, 330, 335]","[657, 592, 684]",False,6
537,"['O', 'X', 'E', 'O', 'E', 'X', 'O', 'X', 'E']","['duplicate', 'reflectional']","[329, 331]",[],O,6
538,"['O', 'X', 'E', 'E', 'O', 'X', 'O', 'X', 'E']","['duplicate', 'reflectional']","[330, 331]","[661, 690]",False,6
539,"['E', 'X', 'E', 'O', 'X', 'X', 'O', 'O', 'E']","['duplicate', 'reflectional']","[333, 334]","[580, 685]",False,6
540,"['X', 'O', 'X', 'O', 'X', 'O', 'X', 'E', 'E']","['reflectional', 'duplicate']","[336, 338, 345]",[],X,7
541,"['X', 'O', 'X', 'O', 'X', 'O', 'E', 'X', 'E']","['duplicate', 'reflectional', 'rotational']","[336, 348, 418]",[693],False,7
542,"['X', 'O', 'X', 'O', 'X', 'X', 'O', 'E', 'E']","['duplicate', 'reflectional']","[337, 341, 394, 414]","[694, 695]",False,7
543,"['X', 'O', 'X', 'O', 'X', 'E', 'O', 'X', 'E']","['duplicate', 'reflectional']","[337, 349, 407, 423]","[693, 696]",False,7
544,"['X', 'O', 'X', 'O', 'X', 'E', 'O', 'E', 'X']","['duplicate', 'reflectional']","[337, 352, 421]",[],X,7
545,"['X', 'O', 'X', 'O', 'X', 'X', 'E', 'O', 'E']","['duplicate', 'reflectional']","[338, 342, 393, 418]","[694, 697]",False,7
546,"['X', 'O', 'X', 'O', 'X', 'E', 'E', 'O', 'X']","['duplicate', 'reflectional', 'rotational']","[338, 353, 420]",[],X,7
547,"['X', 'O', 'X', 'O', 'X', 'X', 'E', 'E', 'O']","['duplicate', 'reflectional']","[339, 343, 392, 419]","[695, 697]",False,7
548,"['X', 'O', 'X', 'O', 'X', 'E', 'X', 'E', 'O']","['duplicate', 'reflectional']","[339, 346]",[],X,7
549,"['X', 'O', 'X', 'O', 'X', 'E', 'E', 'X', 'O']","['duplicate', 'reflectional']","[339, 350, 419, 422]","[693, 696]",False,7
550,"['X', 'O', 'X', 'O', 'O', 'X', 'X', 'E', 'E']","['duplicate', 'reflectional']","[340, 344, 347, 389]","[698, 699]",False,7
551,"['X', 'O', 'X', 'O', 'O', 'X', 'E', 'X', 'E']","['duplicate', 'reflectional']","[340, 347, 386, 438]","[700, 701]",False,7
552,"['X', 'O', 'X', 'O', 'O', 'X', 'E', 'E', 'X']",['duplicate'],"[340, 351, 440]",[],X,7
553,"['X', 'O', 'X', 'O', 'E', 'X', 'O', 'X', 'E']","['duplicate', 'reflectional']","[341, 349, 396, 431]","[700, 702]",False,7
554,"['X', 'O', 'X', 'O', 'E', 'X', 'O', 'E', 'X']",['duplicate'],"[341, 352, 441]",[],X,7
555,"['X', 'O', 'X', 'O', 'E', 'X', 'X', 'O', 'E']","['reflectional', 'rotational']","[342, 345, 348, 398]","[698, 703]",False,7
556,"['X', 'O', 'X', 'O', 'E', 'X', 'E', 'O', 'X']","['duplicate', 'rotational']","[342, 353, 398]",[],X,7
557,"['X', 'O', 'X', 'O', 'E', 'X', 'X', 'E', 'O']","['duplicate', 'reflectional']","[343, 346, 350, 397]","[699, 703]",False,7
558,"['X', 'O', 'X', 'O', 'E', 'X', 'E', 'X', 'O']","['duplicate', 'reflectional']","[343, 350, 395, 439]","[701, 702]",False,7
559,"['X', 'O', 'X', 'O', 'O', 'E', 'X', 'E', 'X']","['duplicate', 'reflectional', 'rotational']","[344, 351, 455]",[704],False,7
560,"['X', 'O', 'X', 'O', 'E', 'O', 'X', 'E', 'X']","['rotational', 'reflectional']","[345, 353]","[704, 705]",False,7
561,"['X', 'O', 'X', 'O', 'O', 'E', 'E', 'X', 'X']","['duplicate', 'reflectional']","[347, 351, 440, 453]","[698, 706]",False,7
562,"['X', 'O', 'X', 'O', 'E', 'E', 'O', 'X', 'X']","['duplicate', 'reflectional']","[349, 352, 435, 456]","[706, 703]",False,7
563,"['X', 'O', 'X', 'X', 'O', 'X', 'O', 'E', 'E']","['reflectional', 'duplicate']","[354, 356, 383, 385]","[707, 708]",False,7
564,"['X', 'O', 'X', 'X', 'O', 'E', 'O', 'X', 'E']","['duplicate', 'reflectional']","[354, 359, 387, 445]","[701, 709]",False,7
565,"['X', 'O', 'X', 'X', 'O', 'E', 'O', 'E', 'X']","['reflectional', 'duplicate']","[354, 358, 390, 443]","[699, 710]",False,7
566,"['X', 'O', 'X', 'X', 'O', 'E', 'X', 'E', 'O']","['duplicate', 'reflectional']","[356, 358, 446]",[],X,7
567,"['X', 'O', 'X', 'X', 'O', 'E', 'E', 'X', 'O']","['reflectional', 'duplicate']","[356, 359, 388, 444]","[700, 709]",False,7
568,"['X', 'O', 'X', 'E', 'O', 'E', 'X', 'X', 'O']","['reflectional', 'duplicate']","[358, 359, 454, 459]","[699, 706]",False,7
569,"['X', 'O', 'X', 'X', 'X', 'E', 'O', 'O', 'E']","['duplicate', 'reflectional']","[360, 362, 399, 427]","[697, 711]",False,7
570,"['X', 'O', 'X', 'X', 'E', 'X', 'O', 'O', 'E']","['duplicate', 'reflectional']","[360, 364, 401, 406]","[707, 712]",False,7
571,"['X', 'O', 'X', 'X', 'E', 'E', 'O', 'O', 'X']","['duplicate', 'rotational']","[360, 366, 404, 429]","[710, 703]",False,7
572,"['X', 'O', 'X', 'X', 'X', 'E', 'O', 'E', 'O']","['duplicate', 'reflectional']","[361, 363, 400, 425]","[695, 711]",False,7
573,"['X', 'O', 'X', 'X', 'E', 'X', 'O', 'E', 'O']","['duplicate', 'reflectional']","[361, 402]","[708, 712]",False,7
574,"['X', 'O', 'X', 'X', 'E', 'E', 'O', 'X', 'O']","['duplicate', 'reflectional']","[361, 365, 403, 447]","[709, 702]",False,7
575,"['X', 'O', 'X', 'E', 'X', 'X', 'O', 'O', 'E']","['duplicate', 'reflectional']","[362, 364, 405, 424]","[694, 711]",False,7
576,"['X', 'O', 'X', 'E', 'X', 'E', 'O', 'O', 'X']","['duplicate', 'rotational']","[362, 366, 412]",[],X,7
577,"['X', 'O', 'X', 'E', 'X', 'E', 'O', 'X', 'O']","['duplicate', 'reflectional']","[363, 365, 426]",[696],False,7
578,"['X', 'O', 'X', 'E', 'E', 'X', 'O', 'O', 'X']","['duplicate', 'rotational']","[364, 366, 382]",[],X,7
579,"['X', 'O', 'O', 'X', 'X', 'O', 'X', 'E', 'E']","['duplicate', 'rotational']","[367, 411, 515]",[],X,7
580,"['X', 'O', 'O', 'X', 'X', 'O', 'E', 'X', 'E']","['duplicate', 'reflectional', 'rotational']","[367, 376, 415, 539]","[713, 714]",False,7
581,"['X', 'O', 'O', 'X', 'X', 'O', 'E', 'E', 'X']","['duplicate', 'reflectional']","[367, 380, 415]",[],X,7
582,"['X', 'O', 'O', 'X', 'X', 'X', 'O', 'E', 'E']",['duplicate'],"[368, 372, 408]",[],X,7
583,"['X', 'O', 'O', 'X', 'X', 'E', 'O', 'X', 'E']","['duplicate', 'rotational']","[368, 377, 416, 529]","[713, 715]",False,7
584,"['X', 'O', 'O', 'X', 'X', 'E', 'O', 'E', 'X']","['duplicate', 'reflectional']","[368, 381, 501]",[],X,7
585,"['X', 'O', 'O', 'X', 'X', 'X', 'E', 'O', 'E']",['duplicate'],"[369, 373, 409]",[],X,7
586,"['X', 'O', 'O', 'X', 'X', 'E', 'X', 'O', 'E']","['reflectional', 'duplicate']","[369, 405, 412]",[],X,7
587,"['X', 'O', 'O', 'X', 'X', 'E', 'E', 'O', 'X']","['duplicate', 'rotational']","[369, 382, 424]",[],X,7
588,"['X', 'O', 'O', 'X', 'X', 'X', 'E', 'E', 'O']",['duplicate'],"[370, 374, 410]",[],X,7
589,"['X', 'O', 'O', 'X', 'X', 'E', 'X', 'E', 'O']","['duplicate', 'reflectional']","[370, 413, 498]",[],X,7
590,"['X', 'O', 'O', 'X', 'X', 'E', 'E', 'X', 'O']","['duplicate', 'rotational']","[370, 378, 417, 534]","[714, 715]",False,7
591,"['X', 'O', 'O', 'X', 'O', 'X', 'X', 'E', 'E']","['duplicate', 'rotational']","[371, 428, 512]",[],X,7
592,"['X', 'O', 'O', 'X', 'O', 'X', 'E', 'X', 'E']","['duplicate', 'rotational']","[371, 375, 432, 536]","[716, 717]",False,7
593,"['X', 'O', 'O', 'X', 'O', 'X', 'E', 'E', 'X']","['duplicate', 'reflectional']","[371, 379, 436, 469]","[718, 719]",False,7
594,"['X', 'O', 'O', 'X', 'E', 'X', 'O', 'X', 'E']","['duplicate', 'rotational']","[372, 377, 433, 530]","[716, 720]",False,7
595,"['X', 'O', 'O', 'X', 'E', 'X', 'O', 'E', 'X']","['duplicate', 'reflectional']","[372, 381, 437, 480]","[718, 721]",False,7
596,"['X', 'O', 'O', 'X', 'E', 'X', 'X', 'O', 'E']","['reflectional', 'duplicate']","[373, 406, 429]",[],X,7
597,"['X', 'O', 'O', 'X', 'E', 'X', 'E', 'O', 'X']","['duplicate', 'rotational']","[373, 382, 401, 404]","[719, 721]",False,7
598,"['X', 'O', 'O', 'X', 'E', 'X', 'X', 'E', 'O']","['duplicate', 'reflectional']","[374, 430, 499]",[],X,7
599,"['X', 'O', 'O', 'X', 'E', 'X', 'E', 'X', 'O']","['duplicate', 'reflectional']","[374, 378, 434, 524]","[717, 720]",False,7
600,"['X', 'O', 'O', 'X', 'O', 'E', 'X', 'X', 'E']","['duplicate', 'rotational']","[375, 448, 511]",[],X,7
601,"['X', 'O', 'O', 'X', 'O', 'E', 'E', 'X', 'X']","['duplicate', 'reflectional']","[375, 379, 457, 493]","[722, 723]",False,7
602,"['X', 'O', 'O', 'X', 'E', 'O', 'X', 'X', 'E']","['duplicate', 'rotational', 'reflectional']","[376, 449, 514]",[],X,7
603,"['X', 'O', 'O', 'X', 'E', 'O', 'E', 'X', 'X']","['duplicate', 'reflectional']","[376, 380]","[722, 724]",False,7
604,"['X', 'O', 'O', 'X', 'E', 'E', 'O', 'X', 'X']","['duplicate', 'rotational']","[377, 381, 458, 485]","[723, 724]",False,7
605,"['X', 'O', 'O', 'X', 'E', 'E', 'X', 'X', 'O']","['duplicate', 'reflectional']","[378, 450, 488]",[],X,7
606,"['X', 'O', 'O', 'X', 'O', 'E', 'X', 'E', 'X']","['duplicate', 'reflectional']","[379, 451, 509]",[],X,7
607,"['X', 'O', 'O', 'X', 'E', 'O', 'X', 'E', 'X']","['reflectional', 'duplicate']","[380, 449, 452]",[],X,7
608,"['X', 'O', 'E', 'X', 'O', 'X', 'O', 'X', 'E']","['duplicate', 'reflectional']","[383, 387, 444, 526]","[716, 725]",False,7
609,"['X', 'O', 'E', 'X', 'O', 'X', 'O', 'E', 'X']","['duplicate', 'rotational']","[383, 390, 446, 491]","[718, 719]",False,7
610,"['X', 'O', 'E', 'X', 'O', 'X', 'X', 'E', 'O']","['duplicate', 'reflectional']","[385, 443, 491]",[],X,7
611,"['X', 'O', 'E', 'X', 'O', 'X', 'E', 'X', 'O']","['duplicate', 'rotational']","[385, 388, 445, 526]","[717, 725]",False,7
612,"['X', 'O', 'E', 'X', 'O', 'O', 'X', 'X', 'E']","['duplicate', 'rotational', 'reflectional']","[386, 453, 510]",[],X,7
613,"['X', 'O', 'E', 'X', 'O', 'O', 'E', 'X', 'X']","['duplicate', 'reflectional']","[386, 389]","[722, 726]",False,7
614,"['X', 'O', 'E', 'X', 'O', 'E', 'O', 'X', 'X']","['duplicate', 'rotational']","[387, 390, 459, 465]","[723, 726]",False,7
615,"['X', 'O', 'E', 'X', 'O', 'E', 'X', 'X', 'O']","['duplicate', 'reflectional']","[388, 454, 462]",[],X,7
616,"['X', 'O', 'E', 'X', 'O', 'O', 'X', 'E', 'X']","['reflectional', 'duplicate']","[389, 453, 455]",[],X,7
617,"['X', 'O', 'E', 'X', 'X', 'O', 'O', 'X', 'E']","['duplicate', 'rotational', 'reflectional']","[392, 395, 422, 528]","[713, 727]",False,7
618,"['X', 'O', 'E', 'X', 'X', 'O', 'O', 'E', 'X']","['duplicate', 'reflectional']","[392, 397, 422]",[],X,7
619,"['X', 'O', 'E', 'X', 'X', 'O', 'X', 'O', 'E']","['duplicate', 'reflectional']","[393, 420]",[],X,7
620,"['X', 'O', 'E', 'X', 'X', 'O', 'E', 'O', 'X']","['duplicate', 'rotational']","[393, 398, 418]",[],X,7
621,"['X', 'O', 'E', 'X', 'X', 'O', 'X', 'E', 'O']","['duplicate', 'reflectional']","[394, 421, 495]",[],X,7
622,"['X', 'O', 'E', 'X', 'X', 'O', 'E', 'X', 'O']","['duplicate', 'rotational']","[394, 396, 423, 532]","[714, 727]",False,7
623,"['X', 'O', 'E', 'X', 'E', 'O', 'O', 'X', 'X']","['duplicate', 'reflectional']","[395, 397]","[724, 726]",False,7
624,"['X', 'O', 'E', 'X', 'E', 'O', 'X', 'X', 'O']","['duplicate', 'reflectional']","[396, 456, 474]",[],X,7
625,"['X', 'O', 'E', 'X', 'X', 'X', 'O', 'O', 'E']",['duplicate'],"[399, 401, 424]",[],X,7
626,"['X', 'O', 'E', 'X', 'X', 'E', 'O', 'O', 'X']","['duplicate', 'rotational']","[399, 404, 409]",[],X,7
627,"['X', 'O', 'E', 'X', 'X', 'X', 'O', 'E', 'O']",['duplicate'],"[400, 402, 425]",[],X,7
628,"['X', 'O', 'E', 'X', 'X', 'E', 'O', 'X', 'O']","['duplicate', 'reflectional']","[400, 403, 426, 518]","[715, 727]",False,7
629,"['X', 'O', 'E', 'X', 'E', 'X', 'O', 'X', 'O']","['duplicate', 'reflectional', 'rotational']","[402, 403, 447, 522]","[720, 725]",False,7
630,"['X', 'O', 'E', 'X', 'X', 'X', 'E', 'O', 'O']",['duplicate'],"[405, 406, 427]",[],X,7
631,"['X', 'O', 'O', 'O', 'X', 'X', 'E', 'X', 'E']","['duplicate', 'rotational']","[407, 414, 431, 532]","[728, 729]",False,7
632,"['X', 'O', 'O', 'O', 'X', 'X', 'E', 'E', 'X']","['duplicate', 'reflectional']","[407, 435, 477]",[],X,7
633,"['X', 'O', 'O', 'E', 'X', 'X', 'O', 'X', 'E']","['duplicate', 'rotational']","[408, 416, 433, 533]","[728, 730]",False,7
634,"['X', 'O', 'O', 'E', 'X', 'X', 'O', 'E', 'X']","['duplicate', 'reflectional']","[408, 437, 476]",[],X,7
635,"['X', 'O', 'O', 'E', 'X', 'X', 'X', 'O', 'E']","['duplicate', 'reflectional']","[409, 412, 427, 429]","[693, 731]",False,7
636,"['X', 'O', 'O', 'E', 'X', 'X', 'X', 'E', 'O']","['duplicate', 'reflectional']","[410, 413, 430, 504]","[696, 731]",False,7
637,"['X', 'O', 'O', 'E', 'X', 'X', 'E', 'X', 'O']","['duplicate', 'reflectional']","[410, 417, 434, 516]","[729, 730]",False,7
638,"['X', 'O', 'O', 'E', 'X', 'O', 'X', 'X', 'E']","['duplicate', 'reflectional']","[411, 415, 449, 515]","[694, 732]",False,7
639,"['X', 'O', 'O', 'E', 'X', 'O', 'X', 'E', 'X']","['duplicate', 'reflectional']","[411, 452]",[],X,7
640,"['X', 'O', 'O', 'E', 'X', 'E', 'X', 'X', 'O']","['duplicate', 'reflectional']","[413, 417, 450, 489]","[695, 732]",False,7
641,"['X', 'O', 'O', 'O', 'X', 'E', 'E', 'X', 'X']",['reflectional'],"[414, 441, 495]",[],X,7
642,"['X', 'O', 'O', 'E', 'X', 'E', 'O', 'X', 'X']","['duplicate', 'rotational']","[416, 458, 483]",[],X,7
643,"['X', 'O', 'E', 'O', 'X', 'X', 'E', 'X', 'O']","['duplicate', 'reflectional', 'rotational']","[419, 439, 528]",[729],False,7
644,"['X', 'O', 'E', 'E', 'X', 'O', 'X', 'X', 'O']","['duplicate', 'reflectional']","[421, 423, 456, 477]","[732, 697]",False,7
645,"['X', 'O', 'E', 'E', 'X', 'X', 'O', 'X', 'O']","['duplicate', 'rotational']","[425, 426, 447, 518]","[730, 729]",False,7
646,"['X', 'O', 'O', 'E', 'O', 'X', 'X', 'X', 'E']","['duplicate', 'reflectional']","[428, 432, 448, 513]","[700, 733]",False,7
647,"['X', 'O', 'O', 'E', 'O', 'X', 'X', 'E', 'X']","['duplicate', 'reflectional']","[428, 436, 451, 467]","[706, 710]",False,7
648,"['X', 'O', 'O', 'E', 'E', 'X', 'X', 'X', 'O']","['duplicate', 'reflectional']","[430, 434, 450, 490]","[702, 733]",False,7
649,"['X', 'O', 'O', 'O', 'E', 'X', 'E', 'X', 'X']","['duplicate', 'reflectional']","[431, 435, 441, 474]","[734, 735]",False,7
650,"['X', 'O', 'O', 'E', 'O', 'X', 'E', 'X', 'X']","['duplicate', 'reflectional']","[432, 436, 457, 460]","[734, 736]",False,7
651,"['X', 'O', 'O', 'E', 'E', 'X', 'O', 'X', 'X']","['duplicate', 'reflectional']","[433, 437, 458, 473]","[735, 736]",False,7
652,"['X', 'O', 'E', 'O', 'O', 'X', 'E', 'X', 'X']","['duplicate', 'reflectional', 'rotational']","[438, 440, 510]",[734],False,7
653,"['X', 'O', 'E', 'E', 'O', 'X', 'X', 'X', 'O']","['duplicate', 'reflectional']","[443, 445, 454, 465]","[733, 701]",False,7
654,"['X', 'O', 'E', 'E', 'O', 'X', 'O', 'X', 'X']","['duplicate', 'rotational']","[444, 446, 459, 462]","[736, 734]",False,7
655,"['X', 'O', 'O', 'E', 'O', 'E', 'X', 'X', 'X']",['duplicate'],"[448, 451, 457]",[],X,7
656,"['X', 'X', 'O', 'X', 'O', 'O', 'X', 'E', 'E']","['duplicate', 'rotational']","[460, 467, 513]",[],X,7
657,"['X', 'X', 'O', 'X', 'O', 'O', 'E', 'X', 'E']","['duplicate', 'reflectional']","[460, 469, 493, 536]","[737, 738]",False,7
658,"['X', 'X', 'O', 'X', 'O', 'X', 'E', 'O', 'E']","['duplicate', 'reflectional']","[462, 465, 491, 526]","[737, 739]",False,7
659,"['X', 'X', 'O', 'X', 'O', 'X', 'E', 'E', 'O']","['duplicate', 'rotational']","[463, 466, 492, 523]","[740, 739]",False,7
660,"['X', 'X', 'O', 'X', 'O', 'E', 'X', 'E', 'O']","['duplicate', 'reflectional']","[463, 468, 494]",[],X,7
661,"['X', 'X', 'O', 'X', 'O', 'E', 'E', 'X', 'O']","['duplicate', 'reflectional', 'rotational']","[463, 471, 494, 538]","[738, 740]",False,7
662,"['X', 'X', 'O', 'E', 'O', 'X', 'X', 'E', 'O']","['duplicate', 'reflectional']","[466, 468, 505, 507]","[709, 733]",False,7
663,"['X', 'X', 'O', 'E', 'O', 'X', 'E', 'X', 'O']","['duplicate', 'rotational', 'reflectional']","[466, 471, 507, 520]","[725, 741]",False,7
664,"['X', 'X', 'O', 'E', 'O', 'O', 'X', 'X', 'E']","['duplicate', 'reflectional']","[467, 469, 509, 512]","[707, 742]",False,7
665,"['X', 'X', 'O', 'E', 'O', 'E', 'X', 'X', 'O']","['duplicate', 'reflectional']","[468, 471]","[708, 742]",False,7
666,"['X', 'X', 'O', 'X', 'X', 'O', 'O', 'E', 'E']","['duplicate', 'reflectional']","[473, 476, 483, 533]","[743, 744]",False,7
667,"['X', 'X', 'O', 'X', 'E', 'O', 'O', 'X', 'E']","['duplicate', 'reflectional']","[473, 480, 485, 530]","[737, 745]",False,7
668,"['X', 'X', 'O', 'X', 'X', 'O', 'E', 'O', 'E']","['duplicate', 'reflectional']","[474, 477, 495, 532]","[743, 746]",False,7
669,"['X', 'X', 'O', 'E', 'X', 'O', 'O', 'X', 'E']",['duplicate'],"[476, 480, 501]",[],X,7
670,"['X', 'X', 'O', 'X', 'X', 'E', 'O', 'E', 'O']","['duplicate', 'reflectional', 'rotational']","[482, 484, 535]",[744],False,7
671,"['X', 'X', 'O', 'X', 'E', 'X', 'O', 'E', 'O']","['reflectional', 'duplicate', 'rotational']","[482, 486, 487, 525]","[740, 745]",False,7
672,"['X', 'X', 'O', 'E', 'X', 'X', 'O', 'O', 'E']","['duplicate', 'reflectional', 'rotational']","[483, 485, 501, 529]","[713, 747]",False,7
673,"['X', 'X', 'O', 'E', 'X', 'X', 'O', 'E', 'O']","['duplicate', 'rotational']","[484, 486, 503, 519]","[715, 747]",False,7
674,"['X', 'X', 'O', 'E', 'X', 'E', 'O', 'X', 'O']","['duplicate', 'reflectional']","[484, 487, 503]",[],X,7
675,"['X', 'X', 'O', 'E', 'E', 'X', 'O', 'X', 'O']","['duplicate', 'reflectional']","[486, 487, 508, 521]","[720, 741]",False,7
676,"['X', 'X', 'O', 'X', 'X', 'E', 'E', 'O', 'O']","['duplicate', 'reflectional']","[488, 489, 498, 534]","[746, 744]",False,7
677,"['X', 'X', 'O', 'X', 'E', 'X', 'E', 'O', 'O']","['duplicate', 'rotational']","[488, 490, 499, 524]","[739, 745]",False,7
678,"['X', 'X', 'O', 'E', 'X', 'X', 'E', 'O', 'O']","['duplicate', 'rotational']","[489, 490, 504, 516]","[727, 747]",False,7
679,"['X', 'E', 'O', 'X', 'O', 'X', 'X', 'E', 'O']","['duplicate', 'reflectional']","[492, 505]",[],X,7
680,"['X', 'E', 'O', 'X', 'O', 'X', 'E', 'X', 'O']","['duplicate', 'reflectional']","[492, 494, 507, 523]","[717, 741]",False,7
681,"['X', 'E', 'O', 'X', 'O', 'O', 'X', 'X', 'E']","['duplicate', 'reflectional']","[493, 509, 511]",[],X,7
682,"['X', 'E', 'O', 'X', 'X', 'X', 'E', 'O', 'O']",['duplicate'],"[498, 499, 504]",[],X,7
683,"['X', 'E', 'O', 'E', 'X', 'X', 'O', 'X', 'O']","['duplicate', 'reflectional', 'rotational']","[503, 508, 517]",[730],False,7
684,"['X', 'X', 'E', 'X', 'O', 'O', 'E', 'X', 'O']","['duplicate', 'reflectional', 'rotational']","[511, 512, 513, 536]","[738, 739]",False,7
685,"['X', 'X', 'E', 'X', 'X', 'O', 'E', 'O', 'O']","['duplicate', 'reflectional', 'rotational']","[514, 515, 539]",[746],False,7
686,"['O', 'X', 'O', 'X', 'X', 'O', 'E', 'X', 'E']","['duplicate', 'reflectional']","[516, 524, 534]",[],X,7
687,"['O', 'X', 'O', 'X', 'X', 'X', 'O', 'E', 'E']","['reflectional', 'duplicate']","[517, 519, 521]",[],X,7
688,"['O', 'X', 'O', 'X', 'X', 'X', 'E', 'O', 'E']","['duplicate', 'reflectional']","[518, 522]",[],X,7
689,"['O', 'X', 'O', 'X', 'X', 'E', 'E', 'X', 'O']","['duplicate', 'reflectional', 'rotational']","[519, 525, 535]",[],X,7
690,"['O', 'X', 'O', 'X', 'O', 'X', 'E', 'X', 'E']","['duplicate', 'reflectional', 'rotational']","[520, 523, 538]",[748],False,7
691,"['O', 'X', 'O', 'X', 'E', 'X', 'O', 'X', 'E']","['rotational', 'reflectional']","[521, 525]","[748, 749]",False,7
692,"['O', 'X', 'E', 'X', 'X', 'O', 'E', 'X', 'O']","['duplicate', 'rotational']","[529, 530, 533]",[],X,7
693,"['X', 'O', 'X', 'O', 'X', 'O', 'O', 'X', 'E']","['reflectional', 'duplicate']","[541, 543, 549, 635]",[750],False,8
694,"['X', 'O', 'X', 'O', 'X', 'X', 'O', 'O', 'E']","['duplicate', 'reflectional']","[542, 545, 575, 638]",[751],False,8
695,"['X', 'O', 'X', 'O', 'X', 'X', 'O', 'E', 'O']","['duplicate', 'reflectional']","[542, 547, 572, 640]",[752],False,8
696,"['X', 'O', 'X', 'O', 'X', 'E', 'O', 'X', 'O']","['duplicate', 'reflectional']","[543, 549, 577, 636]",[752],False,8
697,"['X', 'O', 'X', 'O', 'X', 'X', 'E', 'O', 'O']","['duplicate', 'reflectional']","[545, 547, 569, 644]",[750],False,8
698,"['X', 'O', 'X', 'O', 'O', 'X', 'X', 'O', 'E']","['duplicate', 'rotational']","[550, 555, 561]",[],O,8
699,"['X', 'O', 'X', 'O', 'O', 'X', 'X', 'E', 'O']","['duplicate', 'reflectional']","[550, 557, 565, 568]",[753],False,8
700,"['X', 'O', 'X', 'O', 'O', 'X', 'O', 'X', 'E']","['duplicate', 'reflectional']","[551, 553, 567, 646]",[754],False,8
701,"['X', 'O', 'X', 'O', 'O', 'X', 'E', 'X', 'O']","['duplicate', 'reflectional']","[551, 558, 564, 653]",[753],False,8
702,"['X', 'O', 'X', 'O', 'E', 'X', 'O', 'X', 'O']","['duplicate', 'reflectional']","[553, 558, 574, 648]",[752],False,8
703,"['X', 'O', 'X', 'O', 'E', 'X', 'X', 'O', 'O']","['duplicate', 'rotational', 'reflectional']","[555, 557, 562, 571]",[750],False,8
704,"['X', 'O', 'X', 'O', 'O', 'O', 'X', 'E', 'X']","['rotational', 'reflectional', 'duplicate']","[559, 560]",[],O,8
705,"['X', 'O', 'X', 'O', 'E', 'O', 'X', 'O', 'X']",[],[560],[755],False,8
706,"['X', 'O', 'X', 'O', 'O', 'E', 'O', 'X', 'X']","['duplicate', 'reflectional']","[561, 562, 568, 647]",[754],False,8
707,"['X', 'O', 'X', 'X', 'O', 'X', 'O', 'O', 'E']","['duplicate', 'reflectional']","[563, 570, 664]",[],O,8
708,"['X', 'O', 'X', 'X', 'O', 'X', 'O', 'E', 'O']","['duplicate', 'reflectional', 'rotational']","[563, 573, 665]",[756],False,8
709,"['X', 'O', 'X', 'X', 'O', 'E', 'O', 'X', 'O']","['duplicate', 'reflectional']","[564, 567, 574, 662]",[756],False,8
710,"['X', 'O', 'X', 'X', 'O', 'E', 'O', 'O', 'X']","['duplicate', 'rotational']","[565, 571, 647]",[],O,8
711,"['X', 'O', 'X', 'X', 'X', 'E', 'O', 'O', 'O']","['duplicate', 'reflectional']","[569, 572, 575]",[],O,8
712,"['X', 'O', 'X', 'X', 'E', 'X', 'O', 'O', 'O']","['duplicate', 'reflectional']","[570, 573]",[],O,8
713,"['X', 'O', 'O', 'X', 'X', 'O', 'O', 'X', 'E']","['duplicate', 'reflectional']","[580, 583, 617, 672]",[757],False,8
714,"['X', 'O', 'O', 'X', 'X', 'O', 'E', 'X', 'O']",['duplicate'],"[580, 590, 622]",[],O,8
715,"['X', 'O', 'O', 'X', 'X', 'E', 'O', 'X', 'O']","['duplicate', 'reflectional']","[583, 590, 628, 673]",[758],False,8
716,"['X', 'O', 'O', 'X', 'O', 'X', 'O', 'X', 'E']",['duplicate'],"[592, 594, 608]",[],O,8
717,"['X', 'O', 'O', 'X', 'O', 'X', 'E', 'X', 'O']",['duplicate'],"[592, 599, 611, 680]",[759],False,8
718,"['X', 'O', 'O', 'X', 'O', 'X', 'O', 'E', 'X']",['duplicate'],"[593, 595, 609]",[],O,8
719,"['X', 'O', 'O', 'X', 'O', 'X', 'E', 'O', 'X']","['duplicate', 'rotational']","[593, 597, 609]",[],O,8
720,"['X', 'O', 'O', 'X', 'E', 'X', 'O', 'X', 'O']","['duplicate', 'reflectional']","[594, 599, 629, 675]",[758],False,8
721,"['X', 'O', 'O', 'X', 'E', 'X', 'O', 'O', 'X']","['duplicate', 'rotational']","[595, 597]",[760],False,8
722,"['X', 'O', 'O', 'X', 'O', 'O', 'E', 'X', 'X']","['duplicate', 'reflectional']","[601, 603, 613]",[761],False,8
723,"['X', 'O', 'O', 'X', 'O', 'E', 'O', 'X', 'X']",['duplicate'],"[601, 604, 614]",[],O,8
724,"['X', 'O', 'O', 'X', 'E', 'O', 'O', 'X', 'X']","['duplicate', 'reflectional']","[603, 604, 623]",[757],False,8
725,"['X', 'O', 'E', 'X', 'O', 'X', 'O', 'X', 'O']","['duplicate', 'reflectional']","[608, 611, 629, 663]",[756],False,8
726,"['X', 'O', 'E', 'X', 'O', 'O', 'O', 'X', 'X']","['duplicate', 'reflectional']","[613, 614, 623]",[753],False,8
727,"['X', 'O', 'E', 'X', 'X', 'O', 'O', 'X', 'O']","['duplicate', 'reflectional']","[617, 622, 628, 678]",[752],False,8
728,"['X', 'O', 'O', 'O', 'X', 'X', 'O', 'X', 'E']","['duplicate', 'reflectional']","[631, 633]",[762],False,8
729,"['X', 'O', 'O', 'O', 'X', 'X', 'E', 'X', 'O']","['duplicate', 'reflectional']","[631, 637, 643, 645]",[752],False,8
730,"['X', 'O', 'O', 'E', 'X', 'X', 'O', 'X', 'O']","['duplicate', 'reflectional']","[633, 637, 645, 683]",[758],False,8
731,"['X', 'O', 'O', 'E', 'X', 'X', 'X', 'O', 'O']","['duplicate', 'reflectional']","[635, 636]",[763],False,8
732,"['X', 'O', 'O', 'E', 'X', 'O', 'X', 'X', 'O']",['duplicate'],"[638, 640, 644]",[],O,8
733,"['X', 'O', 'O', 'E', 'O', 'X', 'X', 'X', 'O']","['duplicate', 'reflectional']","[646, 648, 653, 662]",[759],False,8
734,"['X', 'O', 'O', 'O', 'O', 'X', 'E', 'X', 'X']","['duplicate', 'reflectional']","[649, 650, 652, 654]",[754],False,8
735,"['X', 'O', 'O', 'O', 'E', 'X', 'O', 'X', 'X']","['duplicate', 'reflectional']","[649, 651]",[762],False,8
736,"['X', 'O', 'O', 'E', 'O', 'X', 'O', 'X', 'X']",['duplicate'],"[650, 651, 654]",[],O,8
737,"['X', 'X', 'O', 'X', 'O', 'O', 'O', 'X', 'E']","['reflectional', 'duplicate']","[657, 658, 667]",[],O,8
738,"['X', 'X', 'O', 'X', 'O', 'O', 'E', 'X', 'O']",['duplicate'],"[657, 661, 684]",[],O,8
739,"['X', 'X', 'O', 'X', 'O', 'X', 'E', 'O', 'O']","['duplicate', 'reflectional']","[658, 659, 677, 684]",[759],False,8
740,"['X', 'X', 'O', 'X', 'O', 'X', 'O', 'E', 'O']","['reflectional', 'duplicate']","[659, 661, 671]",[],O,8
741,"['X', 'X', 'O', 'E', 'O', 'X', 'O', 'X', 'O']","['duplicate', 'reflectional']","[663, 675, 680]",[],O,8
742,"['X', 'X', 'O', 'E', 'O', 'O', 'X', 'X', 'O']","['duplicate', 'reflectional']","[664, 665]",[],O,8
743,"['X', 'X', 'O', 'X', 'X', 'O', 'O', 'O', 'E']","['duplicate', 'reflectional']","[666, 668]",[762],False,8
744,"['X', 'X', 'O', 'X', 'X', 'O', 'O', 'E', 'O']","['duplicate', 'reflectional']","[666, 670, 676]",[],O,8
745,"['X', 'X', 'O', 'X', 'E', 'O', 'O', 'X', 'O']",['reflectional'],"[667, 671, 677]",[],O,8
746,"['X', 'X', 'O', 'X', 'X', 'O', 'E', 'O', 'O']","['duplicate', 'reflectional']","[668, 676, 685]",[],O,8
747,"['X', 'X', 'O', 'E', 'X', 'X', 'O', 'O', 'O']",['duplicate'],"[672, 673, 678]",[],O,8
748,"['O', 'X', 'O', 'X', 'O', 'X', 'O', 'X', 'E']","['rotational', 'reflectional', 'duplicate']","[690, 691]",[],O,8
749,"['O', 'X', 'O', 'X', 'E', 'X', 'O', 'X', 'O']",[],[691],[764],False,8
750,"['X', 'O', 'X', 'O', 'X', 'O', 'O', 'X', 'X']",['rotational'],"[693, 697, 703]",[],X,9
751,"['X', 'O', 'X', 'O', 'X', 'X', 'O', 'O', 'X']",[],[694],[],X,9
752,"['X', 'O', 'X', 'O', 'X', 'X', 'O', 'X', 'O']","['duplicate', 'reflectional']","[695, 696, 702, 727, 729]",[],draw,9
753,"['X', 'O', 'X', 'O', 'O', 'X', 'X', 'X', 'O']","['duplicate', 'reflectional', 'rotational']","[699, 701, 726]",[],draw,9
754,"['X', 'O', 'X', 'O', 'O', 'X', 'O', 'X', 'X']","['duplicate', 'reflectional']","[700, 706, 734]",[],X,9
755,"['X', 'O', 'X', 'O', 'X', 'O', 'X', 'O', 'X']",[],[705],[],X,9
756,"['X', 'O', 'X', 'X', 'O', 'X', 'O', 'X', 'O']","['duplicate', 'reflectional']","[708, 709, 725]",[],draw,9
757,"['X', 'O', 'O', 'X', 'X', 'O', 'O', 'X', 'X']","['duplicate', 'reflectional']","[713, 724]",[],X,9
758,"['X', 'O', 'O', 'X', 'X', 'X', 'O', 'X', 'O']",['duplicate'],"[715, 720, 730]",[],X,9
759,"['X', 'O', 'O', 'X', 'O', 'X', 'X', 'X', 'O']","['duplicate', 'reflectional']","[717, 733, 739]",[],X,9
760,"['X', 'O', 'O', 'X', 'X', 'X', 'O', 'O', 'X']",[],[721],[],X,9
761,"['X', 'O', 'O', 'X', 'O', 'O', 'X', 'X', 'X']",[],[722],[],X,9
762,"['X', 'O', 'O', 'O', 'X', 'X', 'O', 'X', 'X']","['duplicate', 'reflectional', 'rotational']","[728, 735, 743]",[],X,9
763,"['X', 'O', 'O', 'X', 'X', 'X', 'X', 'O', 'O']",[],[731],[],X,9
764,"['O', 'X', 'O', 'X', 'X', 'X', 'O', 'X', 'O']",[],[749],[],X,9
